"Info";"Date";"Time";"TimeStamp";"0,2 - CP_output_pwm";"0,2 - CP_rpms";"0,2 - CP_pressure"
"System: New System";"2020-11-30";"13:56:39.997";"0";"10000";"1534";"597772"
"Log page: New basic log page (0)";"2020-11-30";"13:56:40.092";"95";"10000";"1535";"557382"
"";"2020-11-30";"13:56:40.192";"195";"10000";"1534";"613928"
"";"2020-11-30";"13:56:40.294";"297";"10000";"1527";"605850"
"";"2020-11-30";"13:56:40.396";"399";"10000";"1531";"581616"
"";"2020-11-30";"13:56:40.498";"501";"10000";"1534";"622006"
"";"2020-11-30";"13:56:40.598";"601";"10000";"1515";"573538"
"";"2020-11-30";"13:56:40.700";"703";"10000";"1506";"597772"
"";"2020-11-30";"13:56:40.801";"804";"10000";"1503";"605850"
"";"2020-11-30";"13:56:40.901";"904";"10000";"1524";"589694"
"";"2020-11-30";"13:56:41.002";"1005";"10000";"1533";"613928"
"";"2020-11-30";"13:56:41.102";"1105";"10000";"1536";"557382"
"";"2020-11-30";"13:56:41.204";"1207";"10000";"1532";"605850"
"";"2020-11-30";"13:56:41.304";"1307";"10000";"1526";"605850"
"";"2020-11-30";"13:56:41.406";"1409";"10000";"1532";"557382"
"";"2020-11-30";"13:56:41.507";"1510";"10000";"1533";"613928"
"";"2020-11-30";"13:56:41.608";"1611";"10000";"1521";"589694"
"";"2020-11-30";"13:56:41.709";"1712";"10000";"1518";"581616"
"";"2020-11-30";"13:56:41.809";"1812";"10000";"1529";"613928"
"";"2020-11-30";"13:56:41.910";"1913";"10000";"1538";"605850"
"";"2020-11-30";"13:56:42.012";"2015";"10000";"1529";"597772"
"";"2020-11-30";"13:56:42.111";"2114";"10000";"1529";"581616"
"";"2020-11-30";"13:56:42.214";"2217";"10000";"1513";"605850"
"";"2020-11-30";"13:56:42.315";"2318";"10000";"1521";"597772"
"";"2020-11-30";"13:56:42.415";"2418";"10000";"1530";"573538"
"";"2020-11-30";"13:56:42.517";"2520";"10000";"1515";"613928"
"";"2020-11-30";"13:56:42.617";"2620";"10000";"1519";"597772"
"";"2020-11-30";"13:56:42.717";"2720";"10000";"1531";"557382"
"";"2020-11-30";"13:56:42.819";"2822";"10000";"1530";"613928"
"";"2020-11-30";"13:56:42.920";"2923";"10000";"1535";"605850"
"";"2020-11-30";"13:56:43.022";"3025";"10000";"1536";"597772"
"";"2020-11-30";"13:56:43.122";"3125";"10000";"1534";"597772"
"";"2020-11-30";"13:56:43.223";"3226";"10000";"1535";"597772"
"";"2020-11-30";"13:56:43.322";"3325";"10000";"1533";"613928"
"";"2020-11-30";"13:56:43.424";"3427";"10000";"1520";"589694"
"";"2020-11-30";"13:56:43.524";"3527";"10000";"1522";"613928"
"";"2020-11-30";"13:56:43.626";"3629";"10000";"1526";"597772"
"";"2020-11-30";"13:56:43.726";"3729";"10000";"1533";"573538"
"";"2020-11-30";"13:56:43.828";"3831";"10000";"1539";"646240"
"";"2020-11-30";"13:56:43.929";"3932";"10000";"1547";"581616"
"";"2020-11-30";"13:56:44.029";"4032";"10000";"1542";"581616"
"";"2020-11-30";"13:56:44.130";"4133";"10000";"1535";"589694"
"";"2020-11-30";"13:56:44.231";"4234";"10000";"1544";"597772"
"";"2020-11-30";"13:56:44.333";"4336";"10000";"1540";"589694"
"";"2020-11-30";"13:56:44.433";"4436";"10000";"1535";"573538"
"";"2020-11-30";"13:56:44.534";"4537";"10000";"1530";"622006"
"";"2020-11-30";"13:56:44.635";"4638";"10000";"1523";"589694"
"";"2020-11-30";"13:56:44.736";"4739";"10000";"1514";"581616"
"";"2020-11-30";"13:56:44.837";"4840";"10000";"1520";"630084"
"";"2020-11-30";"13:56:44.938";"4941";"10000";"1514";"581616"
"";"2020-11-30";"13:56:45.040";"5043";"10000";"1528";"605850"
"";"2020-11-30";"13:56:45.141";"5144";"10000";"1527";"622006"
"";"2020-11-30";"13:56:45.242";"5245";"10000";"1542";"597772"
"";"2020-11-30";"13:56:45.344";"5347";"10000";"1540";"613928"
"";"2020-11-30";"13:56:45.444";"5447";"10000";"1541";"573538"
"";"2020-11-30";"13:56:45.545";"5548";"10000";"1540";"597772"
"";"2020-11-30";"13:56:45.645";"5648";"10000";"1526";"573538"
"";"2020-11-30";"13:56:45.747";"5750";"10000";"1543";"589694"
"";"2020-11-30";"13:56:45.847";"5850";"10000";"1536";"613928"
"";"2020-11-30";"13:56:45.949";"5952";"10000";"1526";"549304"
"";"2020-11-30";"13:56:46.050";"6053";"10000";"1526";"605850"
"";"2020-11-30";"13:56:46.150";"6153";"10000";"1511";"622006"
"";"2020-11-30";"13:56:46.251";"6254";"10000";"1515";"573538"
"";"2020-11-30";"13:56:46.352";"6355";"10000";"1535";"638162"
"";"2020-11-30";"13:56:46.453";"6456";"10000";"1528";"613928"
"";"2020-11-30";"13:56:46.554";"6557";"10000";"1543";"613928"
"";"2020-11-30";"13:56:46.655";"6658";"10000";"1553";"613928"
"";"2020-11-30";"13:56:46.756";"6759";"10000";"1546";"597772"
"";"2020-11-30";"13:56:46.856";"6859";"10000";"1536";"605850"
"";"2020-11-30";"13:56:46.956";"6959";"10000";"1537";"581616"
"";"2020-11-30";"13:56:47.058";"7061";"10000";"1532";"597772"
"";"2020-11-30";"13:56:47.159";"7162";"10000";"1543";"597772"
"";"2020-11-30";"13:56:47.259";"7262";"10000";"1540";"541226"
"";"2020-11-30";"13:56:47.360";"7363";"10000";"1532";"613928"
"";"2020-11-30";"13:56:47.461";"7464";"10000";"1530";"589694"
"";"2020-11-30";"13:56:47.562";"7565";"10000";"1523";"573538"
"";"2020-11-30";"13:56:47.662";"7665";"10000";"1537";"605850"
"";"2020-11-30";"13:56:47.763";"7766";"10000";"1542";"597772"
"";"2020-11-30";"13:56:47.862";"7865";"10000";"1536";"613928"
"";"2020-11-30";"13:56:47.963";"7966";"10000";"1521";"589694"
"";"2020-11-30";"13:56:48.064";"8067";"10000";"1509";"581616"
"";"2020-11-30";"13:56:48.165";"8168";"10000";"1515";"605850"
"";"2020-11-30";"13:56:48.265";"8268";"10000";"1520";"549304"
"";"2020-11-30";"13:56:48.366";"8369";"10000";"1511";"589694"
"";"2020-11-30";"13:56:48.467";"8470";"10000";"1505";"589694"
"";"2020-11-30";"13:56:48.568";"8571";"10000";"1502";"541226"
"";"2020-11-30";"13:56:48.668";"8671";"10000";"1501";"630084"
"";"2020-11-30";"13:56:48.769";"8772";"10000";"1500";"581616"
"";"2020-11-30";"13:56:48.869";"8872";"10000";"1500";"557382"
"";"2020-11-30";"13:56:48.971";"8974";"10000";"1500";"581616"
"";"2020-11-30";"13:56:49.071";"9074";"10000";"1515";"565460"
"";"2020-11-30";"13:56:49.172";"9175";"10000";"1507";"613928"
"";"2020-11-30";"13:56:49.272";"9275";"10000";"1503";"581616"
"";"2020-11-30";"13:56:49.373";"9376";"10000";"1513";"589694"
"";"2020-11-30";"13:56:49.474";"9477";"10000";"1519";"638162"
"";"2020-11-30";"13:56:49.575";"9578";"10000";"1519";"573538"
"";"2020-11-30";"13:56:49.677";"9680";"10000";"1524";"589694"
"";"2020-11-30";"13:56:49.777";"9780";"10000";"1525";"605850"
"";"2020-11-30";"13:56:49.878";"9881";"10000";"1526";"581616"
"";"2020-11-30";"13:56:49.978";"9981";"10000";"1532";"613928"
"";"2020-11-30";"13:56:50.079";"10082";"10000";"1548";"589694"
"";"2020-11-30";"13:56:50.180";"10183";"10000";"1555";"605850"
"";"2020-11-30";"13:56:50.281";"10284";"10000";"1558";"597772"
"";"2020-11-30";"13:56:50.381";"10384";"10000";"1559";"581616"
"";"2020-11-30";"13:56:50.482";"10485";"10000";"1560";"630084"
"";"2020-11-30";"13:56:50.583";"10586";"10000";"1572";"565460"
"";"2020-11-30";"13:56:50.684";"10687";"10000";"1572";"605850"
"";"2020-11-30";"13:56:50.784";"10787";"10000";"1565";"613928"
"";"2020-11-30";"13:56:50.886";"10889";"10000";"1562";"581616"
"";"2020-11-30";"13:56:50.986";"10989";"10000";"1575";"638162"
"";"2020-11-30";"13:56:51.087";"11090";"10000";"1578";"581616"
"";"2020-11-30";"13:56:51.188";"11191";"10000";"1568";"573538"
"";"2020-11-30";"13:56:51.289";"11292";"10000";"1563";"581616"
"";"2020-11-30";"13:56:51.390";"11393";"10000";"1561";"597772"
"";"2020-11-30";"13:56:51.490";"11493";"10000";"1561";"581616"
"";"2020-11-30";"13:56:51.591";"11594";"10000";"1560";"589694"
"";"2020-11-30";"13:56:51.691";"11694";"10000";"1545";"630084"
"";"2020-11-30";"13:56:51.792";"11795";"10000";"1530";"549304"
"";"2020-11-30";"13:56:51.893";"11896";"10000";"1529";"597772"
"";"2020-11-30";"13:56:51.994";"11997";"10000";"1512";"638162"
"";"2020-11-30";"13:56:52.094";"12097";"10000";"1522";"565460"
"";"2020-11-30";"13:56:52.195";"12198";"10000";"1532";"613928"
"";"2020-11-30";"13:56:52.296";"12299";"10000";"1514";"613928"
"";"2020-11-30";"13:56:52.396";"12399";"10000";"1518";"573538"
"";"2020-11-30";"13:56:52.497";"12500";"10000";"1508";"589694"
"";"2020-11-30";"13:56:52.598";"12601";"10000";"1518";"557382"
"";"2020-11-30";"13:56:52.698";"12701";"10000";"1508";"597772"
"";"2020-11-30";"13:56:52.799";"12802";"10000";"1503";"589694"
"";"2020-11-30";"13:56:52.900";"12903";"10000";"1501";"589694"
"";"2020-11-30";"13:56:53.001";"13004";"10000";"1501";"638162"
"";"2020-11-30";"13:56:53.102";"13105";"10000";"1517";"581616"
"";"2020-11-30";"13:56:53.203";"13206";"10000";"1529";"581616"
"";"2020-11-30";"13:56:53.304";"13307";"10000";"1537";"630084"
"";"2020-11-30";"13:56:53.405";"13408";"10000";"1534";"581616"
"";"2020-11-30";"13:56:53.505";"13508";"10000";"1549";"613928"
"";"2020-11-30";"13:56:53.606";"13609";"10000";"1547";"573538"
"";"2020-11-30";"13:56:53.709";"13712";"10000";"1534";"581616"
"";"2020-11-30";"13:56:53.809";"13812";"10000";"1536";"589694"
"";"2020-11-30";"13:56:53.910";"13913";"10000";"1543";"565460"
"";"2020-11-30";"13:56:54.011";"14014";"10000";"1547";"622006"
"";"2020-11-30";"13:56:54.111";"14114";"10000";"1541";"557382"
"";"2020-11-30";"13:56:54.212";"14215";"10000";"1537";"597772"
"";"2020-11-30";"13:56:54.311";"14314";"10000";"1529";"630084"
"";"2020-11-30";"13:56:54.413";"14416";"10000";"1531";"573538"
"";"2020-11-30";"13:56:54.514";"14517";"10000";"1535";"630084"
"";"2020-11-30";"13:56:54.615";"14618";"10000";"1528";"622006"
"";"2020-11-30";"13:56:54.715";"14718";"10000";"1538";"589694"
"";"2020-11-30";"13:56:54.816";"14819";"10000";"1532";"597772"
"";"2020-11-30";"13:56:54.917";"14920";"10000";"1528";"573538"
"";"2020-11-30";"13:56:55.018";"15021";"10000";"1524";"589694"
"";"2020-11-30";"13:56:55.118";"15121";"10000";"1510";"573538"
"";"2020-11-30";"13:56:55.219";"15222";"10000";"1519";"573538"
"";"2020-11-30";"13:56:55.319";"15322";"10000";"1508";"630084"
"";"2020-11-30";"13:56:55.420";"15423";"10000";"1523";"565460"
"";"2020-11-30";"13:56:55.521";"15524";"10000";"1529";"605850"
"";"2020-11-30";"13:56:55.622";"15625";"10000";"1534";"622006"
"";"2020-11-30";"13:56:55.723";"15726";"10000";"1541";"581616"
"";"2020-11-30";"13:56:55.824";"15827";"10000";"1518";"630084"
"";"2020-11-30";"13:56:55.925";"15928";"10000";"1508";"589694"
"";"2020-11-30";"13:56:56.025";"16028";"10000";"1507";"581616"
"";"2020-11-30";"13:56:56.125";"16128";"10000";"1524";"589694"
"";"2020-11-30";"13:56:56.226";"16229";"10000";"1513";"557382"
"";"2020-11-30";"13:56:56.327";"16330";"10000";"1518";"597772"
"";"2020-11-30";"13:56:56.428";"16431";"10000";"1517";"565460"
"";"2020-11-30";"13:56:56.528";"16531";"10000";"1508";"581616"
"";"2020-11-30";"13:56:56.630";"16633";"10000";"1503";"622006"
"";"2020-11-30";"13:56:56.730";"16733";"10000";"1512";"581616"
"";"2020-11-30";"13:56:56.831";"16834";"10000";"1522";"605850"
"";"2020-11-30";"13:56:56.932";"16935";"10000";"1520";"613928"
"";"2020-11-30";"13:56:57.032";"17035";"10000";"1531";"581616"
"";"2020-11-30";"13:56:57.133";"17136";"10000";"1535";"605850"
"";"2020-11-30";"13:56:57.234";"17237";"10000";"1549";"597772"
"";"2020-11-30";"13:56:57.334";"17337";"10000";"1540";"605850"
"";"2020-11-30";"13:56:57.436";"17439";"10000";"1551";"589694"
"";"2020-11-30";"13:56:57.536";"17539";"10000";"1556";"573538"
"";"2020-11-30";"13:56:57.637";"17640";"10000";"1542";"613928"
"";"2020-11-30";"13:56:57.738";"17741";"10000";"1541";"549304"
"";"2020-11-30";"13:56:57.838";"17841";"10000";"1533";"597772"
"";"2020-11-30";"13:56:57.939";"17942";"10000";"1527";"622006"
"";"2020-11-30";"13:56:58.039";"18042";"10000";"1520";"565460"
"";"2020-11-30";"13:56:58.140";"18143";"10000";"1531";"638162"
"";"2020-11-30";"13:56:58.241";"18244";"10000";"1535";"589694"
"";"2020-11-30";"13:56:58.342";"18345";"10000";"1526";"589694"
"";"2020-11-30";"13:56:58.443";"18446";"10000";"1539";"605850"
"";"2020-11-30";"13:56:58.543";"18546";"10000";"1531";"589694"
"";"2020-11-30";"13:56:58.644";"18647";"10000";"1528";"622006"
"";"2020-11-30";"13:56:58.744";"18747";"10000";"1534";"557382"
"";"2020-11-30";"13:56:58.846";"18849";"10000";"1531";"565460"
"";"2020-11-30";"13:56:58.946";"18949";"10000";"1530";"613928"
"";"2020-11-30";"13:56:59.046";"19049";"10000";"1537";"549304"
"";"2020-11-30";"13:56:59.148";"19151";"10000";"1535";"613928"
"";"2020-11-30";"13:56:59.250";"19253";"10000";"1527";"597772"
"";"2020-11-30";"13:56:59.350";"19353";"10000";"1522";"573538"
"";"2020-11-30";"13:56:59.451";"19454";"10000";"1524";"613928"
"";"2020-11-30";"13:56:59.552";"19555";"10000";"1532";"597772"
"";"2020-11-30";"13:56:59.653";"19656";"10000";"1533";"622006"
"";"2020-11-30";"13:56:59.754";"19757";"10000";"1563";"613928"
"";"2020-11-30";"13:56:59.855";"19858";"10000";"1554";"630084"
"";"2020-11-30";"13:56:59.956";"19959";"10000";"1559";"622006"
"";"2020-11-30";"13:57:00.056";"20059";"10000";"1554";"605850"
"";"2020-11-30";"13:57:00.157";"20160";"10000";"1546";"622006"
"";"2020-11-30";"13:57:00.258";"20261";"10000";"1536";"573538"
"";"2020-11-30";"13:57:00.358";"20361";"10000";"1523";"557382"
"";"2020-11-30";"13:57:00.460";"20463";"10000";"1510";"589694"
"";"2020-11-30";"13:57:00.560";"20563";"10000";"1517";"557382"
"";"2020-11-30";"13:57:00.662";"20665";"10000";"1528";"557382"
"";"2020-11-30";"13:57:00.762";"20765";"10000";"1516";"581616"
"";"2020-11-30";"13:57:00.863";"20866";"10000";"1519";"613928"
"";"2020-11-30";"13:57:00.963";"20966";"10000";"1541";"605850"
"";"2020-11-30";"13:57:01.064";"21067";"10000";"1552";"605850"
"";"2020-11-30";"13:57:01.165";"21168";"10000";"1569";"630084"
"";"2020-11-30";"13:57:01.266";"21269";"10000";"1564";"613928"
"";"2020-11-30";"13:57:01.366";"21369";"10000";"1562";"605850"
"";"2020-11-30";"13:57:01.467";"21470";"10000";"1574";"646240"
"";"2020-11-30";"13:57:01.567";"21570";"10000";"1576";"589694"
"";"2020-11-30";"13:57:01.668";"21671";"10000";"1572";"654318"
"";"2020-11-30";"13:57:01.769";"21772";"10000";"1565";"613928"
"";"2020-11-30";"13:57:01.870";"21873";"10000";"1572";"597772"
"";"2020-11-30";"13:57:01.971";"21974";"10000";"1564";"605850"
"";"2020-11-30";"13:57:02.072";"22075";"10000";"1541";"597772"
"";"2020-11-30";"13:57:02.173";"22176";"10000";"1535";"630084"
"";"2020-11-30";"13:57:02.275";"22278";"10000";"1537";"573538"
"";"2020-11-30";"13:57:02.376";"22379";"10000";"1516";"597772"
"";"2020-11-30";"13:57:02.476";"22479";"10000";"1519";"589694"
"";"2020-11-30";"13:57:02.577";"22580";"10000";"1521";"549304"
"";"2020-11-30";"13:57:02.678";"22681";"10000";"1526";"605850"
"";"2020-11-30";"13:57:02.778";"22781";"10000";"1540";"581616"
"";"2020-11-30";"13:57:02.880";"22883";"10000";"1542";"573538"
"";"2020-11-30";"13:57:02.980";"22983";"10000";"1541";"613928"
"";"2020-11-30";"13:57:03.081";"23084";"10000";"1537";"597772"
"";"2020-11-30";"13:57:03.181";"23184";"10000";"1535";"597772"
"";"2020-11-30";"13:57:03.282";"23285";"10000";"1538";"581616"
"";"2020-11-30";"13:57:03.383";"23386";"10000";"1525";"597772"
"";"2020-11-30";"13:57:03.483";"23486";"10000";"1517";"613928"
"";"2020-11-30";"13:57:03.585";"23588";"10000";"1530";"573538"
"";"2020-11-30";"13:57:03.686";"23689";"10000";"1527";"613928"
"";"2020-11-30";"13:57:03.786";"23789";"10000";"1527";"597772"
"";"2020-11-30";"13:57:03.887";"23890";"10000";"1546";"581616"
"";"2020-11-30";"13:57:03.989";"23992";"10000";"1535";"597772"
"";"2020-11-30";"13:57:04.089";"24092";"10000";"1529";"573538"
"";"2020-11-30";"13:57:04.190";"24193";"10000";"1547";"573538"
"";"2020-11-30";"13:57:04.291";"24294";"10000";"1522";"581616"
"";"2020-11-30";"13:57:04.391";"24394";"10000";"1522";"589694"
"";"2020-11-30";"13:57:04.491";"24494";"10000";"1519";"581616"
"";"2020-11-30";"13:57:04.593";"24596";"10000";"1528";"581616"
"";"2020-11-30";"13:57:04.694";"24697";"10000";"1525";"622006"
"";"2020-11-30";"13:57:04.794";"24797";"10000";"1529";"597772"
"";"2020-11-30";"13:57:04.895";"24898";"10000";"1552";"727020"
"";"2020-11-30";"13:57:04.996";"24999";"10000";"1725";"953204"
"";"2020-11-30";"13:57:05.097";"25100";"10000";"2064";"1244012"
"";"2020-11-30";"13:57:05.198";"25201";"10000";"2427";"1720614"
"";"2020-11-30";"13:57:05.298";"25301";"10000";"2777";"1979110"
"";"2020-11-30";"13:57:05.399";"25402";"10000";"3074";"2245684"
"";"2020-11-30";"13:57:05.500";"25503";"10000";"3290";"2326464"
"";"2020-11-30";"13:57:05.601";"25604";"10000";"3363";"2181060"
"";"2020-11-30";"13:57:05.702";"25705";"10000";"3348";"2108358"
"";"2020-11-30";"13:57:05.802";"25805";"10000";"3321";"2132592"
"";"2020-11-30";"13:57:05.904";"25907";"10000";"3326";"2156826"
"";"2020-11-30";"13:57:06.005";"26008";"10000";"3350";"2164904"
"";"2020-11-30";"13:57:06.106";"26109";"10000";"3359";"2189138"
"";"2020-11-30";"13:57:06.208";"26211";"10000";"3358";"2164904"
"";"2020-11-30";"13:57:06.308";"26311";"10000";"3378";"2172982"
"";"2020-11-30";"13:57:06.409";"26412";"10000";"3388";"2076046"
"";"2020-11-30";"13:57:06.509";"26512";"10000";"3376";"2059890"
"";"2020-11-30";"13:57:06.610";"26613";"10000";"3369";"2051812"
"";"2020-11-30";"13:57:06.711";"26714";"10000";"3368";"2092202"
"";"2020-11-30";"13:57:06.812";"26815";"10000";"3366";"2108358"
"";"2020-11-30";"13:57:06.913";"26916";"10000";"3364";"2172982"
"";"2020-11-30";"13:57:07.014";"27017";"10000";"3375";"2124514"
"";"2020-11-30";"13:57:07.114";"27117";"10000";"3383";"2189138"
"";"2020-11-30";"13:57:07.215";"27218";"10000";"3385";"2140670"
"";"2020-11-30";"13:57:07.316";"27319";"10000";"3375";"2132592"
"";"2020-11-30";"13:57:07.417";"27420";"10000";"3367";"2205294"
"";"2020-11-30";"13:57:07.518";"27521";"10000";"3373";"2197216"
"";"2020-11-30";"13:57:07.619";"27622";"10000";"3360";"2172982"
"";"2020-11-30";"13:57:07.720";"27723";"10000";"3375";"2140670"
"";"2020-11-30";"13:57:07.821";"27824";"10000";"3372";"2181060"
"";"2020-11-30";"13:57:07.923";"27926";"10000";"3372";"2124514"
"";"2020-11-30";"13:57:08.023";"28026";"10000";"3379";"2189138"
"";"2020-11-30";"13:57:08.125";"28128";"10000";"3386";"2067968"
"";"2020-11-30";"13:57:08.226";"28229";"10000";"3373";"2164904"
"";"2020-11-30";"13:57:08.327";"28330";"10000";"3372";"2164904"
"";"2020-11-30";"13:57:08.428";"28431";"10000";"3379";"2156826"
"";"2020-11-30";"13:57:08.528";"28531";"10000";"3371";"2221450"
"";"2020-11-30";"13:57:08.629";"28632";"10000";"3374";"2237606"
"";"2020-11-30";"13:57:08.730";"28733";"10000";"3372";"2277996"
"";"2020-11-30";"13:57:08.831";"28834";"10000";"3364";"2318386"
"";"2020-11-30";"13:57:08.933";"28936";"10000";"3375";"2277996"
"";"2020-11-30";"13:57:09.034";"29037";"10000";"3371";"2415322"
"";"2020-11-30";"13:57:09.135";"29138";"10000";"3368";"2391088"
"";"2020-11-30";"13:57:09.235";"29238";"10000";"3382";"2383010"
"";"2020-11-30";"13:57:09.335";"29338";"10000";"3369";"2366854"
"";"2020-11-30";"13:57:09.437";"29440";"10000";"3375";"2374932"
"";"2020-11-30";"13:57:09.538";"29541";"10000";"3374";"2342620"
"";"2020-11-30";"13:57:09.637";"29640";"10000";"3365";"2366854"
"";"2020-11-30";"13:57:09.738";"29741";"10000";"3360";"2520336"
"";"2020-11-30";"13:57:09.839";"29842";"10000";"3354";"2528414"
"";"2020-11-30";"13:57:09.941";"29944";"10000";"3360";"2528414"
"";"2020-11-30";"13:57:10.042";"30045";"10000";"3357";"2649584"
"";"2020-11-30";"13:57:10.143";"30146";"10000";"3351";"2681896"
"";"2020-11-30";"13:57:10.243";"30246";"10000";"3339";"2794988"
"";"2020-11-30";"13:57:10.344";"30347";"10000";"3344";"2908080"
"";"2020-11-30";"13:57:10.445";"30448";"10000";"3345";"3053484"
"";"2020-11-30";"13:57:10.546";"30549";"10000";"3336";"3231200"
"";"2020-11-30";"13:57:10.647";"30650";"10000";"3328";"3392760"
"";"2020-11-30";"13:57:10.747";"30750";"10000";"3330";"3675490"
"";"2020-11-30";"13:57:10.849";"30852";"10000";"3313";"3990532"
"";"2020-11-30";"13:57:10.950";"30953";"10000";"3285";"4370198"
"";"2020-11-30";"13:57:11.051";"31054";"10000";"3272";"4733708"
"";"2020-11-30";"13:57:11.151";"31154";"9624";"3271";"5258778"
"";"2020-11-30";"13:57:11.253";"31256";"8891";"3252";"5694990"
"";"2020-11-30";"13:57:11.353";"31356";"7848";"3241";"6389698"
"";"2020-11-30";"13:57:11.454";"31457";"7489";"3219";"6680506"
"";"2020-11-30";"13:57:11.555";"31558";"7365";"3195";"6809754"
"";"2020-11-30";"13:57:11.657";"31660";"7232";"3187";"6914768"
"";"2020-11-30";"13:57:11.757";"31760";"6970";"3154";"7181342"
"";"2020-11-30";"13:57:11.858";"31861";"7087";"3147";"7092484"
"";"2020-11-30";"13:57:11.959";"31962";"7585";"3132";"6712818"
"";"2020-11-30";"13:57:12.059";"32062";"7271";"3125";"6971314"
"";"2020-11-30";"13:57:12.161";"32164";"7282";"3122";"6971314"
"";"2020-11-30";"13:57:12.261";"32264";"7245";"3121";"6987470"
"";"2020-11-30";"13:57:12.362";"32365";"7079";"3137";"7108640"
"";"2020-11-30";"13:57:12.463";"32466";"7111";"3127";"7100562"
"";"2020-11-30";"13:57:12.563";"32566";"6985";"3138";"7173264"
"";"2020-11-30";"13:57:12.664";"32667";"6969";"3128";"7213654"
"";"2020-11-30";"13:57:12.764";"32767";"7118";"3147";"7068250"
"";"2020-11-30";"13:57:12.864";"32867";"6835";"3140";"7302512"
"";"2020-11-30";"13:57:12.965";"32968";"6865";"3129";"7302512"
"";"2020-11-30";"13:57:13.065";"33068";"7151";"3109";"7092484"
"";"2020-11-30";"13:57:13.166";"33169";"6743";"3115";"7423682"
"";"2020-11-30";"13:57:13.268";"33271";"6782";"3108";"7399448"
"";"2020-11-30";"13:57:13.369";"33372";"6871";"3104";"7326746"
"";"2020-11-30";"13:57:13.470";"33473";"6435";"3101";"7714490"
"";"2020-11-30";"13:57:13.570";"33573";"6572";"3097";"7601398"
"";"2020-11-30";"13:57:13.669";"33672";"6439";"3096";"7698334"
"";"2020-11-30";"13:57:13.771";"33774";"6387";"3086";"7779114"
"";"2020-11-30";"13:57:13.870";"33873";"6590";"3076";"7609476"
"";"2020-11-30";"13:57:13.972";"33975";"6235";"3071";"7940674"
"";"2020-11-30";"13:57:14.073";"34076";"6418";"3072";"7771036"
"";"2020-11-30";"13:57:14.173";"34176";"6128";"3075";"8013376"
"";"2020-11-30";"13:57:14.275";"34278";"6220";"3064";"7964908"
"";"2020-11-30";"13:57:14.376";"34379";"6432";"3060";"7762958"
"";"2020-11-30";"13:57:14.477";"34480";"6092";"3040";"8110312"
"";"2020-11-30";"13:57:14.580";"34583";"6307";"3030";"7932596"
"";"2020-11-30";"13:57:14.681";"34684";"5985";"3021";"8247638"
"";"2020-11-30";"13:57:14.782";"34785";"6178";"3012";"8078000"
"";"2020-11-30";"13:57:14.883";"34886";"5822";"2995";"8433432"
"";"2020-11-30";"13:57:14.983";"34986";"6235";"2973";"8078000"
"";"2020-11-30";"13:57:15.084";"35087";"5853";"2931";"8514212"
"";"2020-11-30";"13:57:15.183";"35186";"6241";"2902";"8166858"
"";"2020-11-30";"13:57:15.285";"35288";"5993";"2895";"8417276"
"";"2020-11-30";"13:57:15.385";"35388";"6146";"2872";"8279950"
"";"2020-11-30";"13:57:15.486";"35489";"6042";"2847";"8433432"
"";"2020-11-30";"13:57:15.587";"35590";"5786";"2832";"8700006"
"";"2020-11-30";"13:57:15.687";"35690";"6203";"2825";"8304184"
"";"2020-11-30";"13:57:15.789";"35792";"5885";"2811";"8643460"
"";"2020-11-30";"13:57:15.889";"35892";"5926";"2786";"8594992"
"";"2020-11-30";"13:57:15.989";"35992";"6013";"2785";"8546524"
"";"2020-11-30";"13:57:16.090";"36093";"5770";"2766";"8813098"
"";"2020-11-30";"13:57:16.192";"36195";"5887";"2754";"8667694"
"";"2020-11-30";"13:57:16.293";"36296";"5932";"2727";"8708084"
"";"2020-11-30";"13:57:16.393";"36396";"5743";"2712";"8910034"
"";"2020-11-30";"13:57:16.495";"36498";"5500";"2685";"9160452"
"";"2020-11-30";"13:57:16.595";"36598";"6086";"2656";"8594992"
"";"2020-11-30";"13:57:16.696";"36699";"5979";"2644";"8756552"
"";"2020-11-30";"13:57:16.797";"36800";"5859";"2626";"8877722"
"";"2020-11-30";"13:57:16.898";"36901";"5716";"2600";"9071594"
"";"2020-11-30";"13:57:16.999";"37002";"5722";"2569";"9047360"
"";"2020-11-30";"13:57:17.100";"37103";"6163";"2560";"8603070"
"";"2020-11-30";"13:57:17.201";"37204";"6229";"2543";"8594992"
"";"2020-11-30";"13:57:17.301";"37304";"6023";"2510";"8837332"
"";"2020-11-30";"13:57:17.402";"37405";"5869";"2495";"8982736"
"";"2020-11-30";"13:57:17.503";"37506";"5883";"2475";"8990814"
"";"2020-11-30";"13:57:17.603";"37606";"5796";"2458";"9095828"
"";"2020-11-30";"13:57:17.704";"37707";"5640";"2447";"9273544"
"";"2020-11-30";"13:57:17.805";"37808";"5412";"2437";"9523962"
"";"2020-11-30";"13:57:17.906";"37909";"5317";"2430";"9604742"
"";"2020-11-30";"13:57:18.007";"38010";"5309";"2413";"9612820"
"";"2020-11-30";"13:57:18.108";"38111";"5354";"2387";"9572430"
"";"2020-11-30";"13:57:18.208";"38211";"5382";"2365";"9588586"
"";"2020-11-30";"13:57:18.309";"38312";"5563";"2335";"9394714"
"";"2020-11-30";"13:57:18.409";"38412";"5739";"2304";"9208920"
"";"2020-11-30";"13:57:18.510";"38513";"5813";"2295";"9128140"
"";"2020-11-30";"13:57:18.611";"38614";"5848";"2276";"9063516"
"";"2020-11-30";"13:57:18.712";"38715";"5753";"2265";"9184686"
"";"2020-11-30";"13:57:18.813";"38816";"5971";"2251";"8966580"
"";"2020-11-30";"13:57:18.914";"38917";"6267";"2244";"8643460"
"";"2020-11-30";"13:57:19.014";"39017";"5808";"2231";"9055438"
"";"2020-11-30";"13:57:19.115";"39118";"5335";"2202";"9540118"
"";"2020-11-30";"13:57:19.216";"39219";"5357";"2193";"9596664"
"";"2020-11-30";"13:57:19.316";"39319";"5574";"2158";"9297778"
"";"2020-11-30";"13:57:19.417";"39420";"5332";"2140";"9580508"
"";"2020-11-30";"13:57:19.518";"39521";"5521";"2117";"9281622"
"";"2020-11-30";"13:57:19.619";"39622";"3000";"2075";"10525634"
"";"2020-11-30";"13:57:19.720";"39723";"4697";"2037";"10032876"
"";"2020-11-30";"13:57:19.820";"39823";"3000";"2037";"11293044"
"";"2020-11-30";"13:57:19.922";"39925";"3000";"2076";"11252654"
"";"2020-11-30";"13:57:20.022";"40025";"3000";"2162";"12601680"
"";"2020-11-30";"13:57:20.123";"40126";"3000";"2301";"13264076"
"";"2020-11-30";"13:57:20.223";"40226";"3000";"2470";"12940956"
"";"2020-11-30";"13:57:20.324";"40327";"3000";"2701";"12884410"
"";"2020-11-30";"13:57:20.426";"40429";"3000";"2945";"15929816"
"";"2020-11-30";"13:57:20.527";"40530";"3000";"3140";"19912270"
"";"2020-11-30";"13:57:20.628";"40631";"3000";"3245";"20178844"
"";"2020-11-30";"13:57:20.730";"40733";"3000";"3269";"19896114"
"";"2020-11-30";"13:57:20.831";"40834";"3000";"3204";"19888036"
"";"2020-11-30";"13:57:20.932";"40935";"3000";"3199";"19904192"
"";"2020-11-30";"13:57:21.032";"41035";"3000";"3185";"20057674"
"";"2020-11-30";"13:57:21.133";"41136";"3000";"3212";"20033440"
"";"2020-11-30";"13:57:21.233";"41236";"3000";"3236";"19993050"
"";"2020-11-30";"13:57:21.334";"41337";"3000";"3266";"19968816"
"";"2020-11-30";"13:57:21.435";"41438";"3000";"3285";"20017284"
"";"2020-11-30";"13:57:21.536";"41539";"3000";"3294";"20106142"
"";"2020-11-30";"13:57:21.638";"41641";"3000";"3276";"20041518"
"";"2020-11-30";"13:57:21.738";"41741";"3000";"3288";"20025362"
"";"2020-11-30";"13:57:21.839";"41842";"3000";"3279";"19936504"
"";"2020-11-30";"13:57:21.941";"41944";"3000";"3291";"19920348"
"";"2020-11-30";"13:57:22.041";"42044";"3000";"3296";"19896114"
"";"2020-11-30";"13:57:22.143";"42146";"3000";"3298";"19871880"
"";"2020-11-30";"13:57:22.243";"42246";"3000";"3314";"19855724"
"";"2020-11-30";"13:57:22.343";"42346";"3000";"3313";"19847646"
"";"2020-11-30";"13:57:22.444";"42447";"3000";"3306";"19678008"
"";"2020-11-30";"13:57:22.545";"42548";"3000";"3310";"16810318"
"";"2020-11-30";"13:57:22.646";"42649";"7489";"3335";"6518946"
"";"2020-11-30";"13:57:22.747";"42750";"7102";"3384";"6761286"
"";"2020-11-30";"13:57:22.847";"42850";"7430";"3403";"6486634"
"";"2020-11-30";"13:57:22.948";"42951";"8404";"3360";"5872706"
"";"2020-11-30";"13:57:23.050";"43053";"7589";"3311";"6486634"
"";"2020-11-30";"13:57:23.150";"43153";"5856";"3290";"7964908"
"";"2020-11-30";"13:57:23.251";"43254";"4298";"3277";"9346246"
"";"2020-11-30";"13:57:23.352";"43355";"3000";"3227";"8950424"
"";"2020-11-30";"13:57:23.452";"43455";"5473";"3201";"8441510"
"";"2020-11-30";"13:57:23.553";"43556";"3000";"3217";"10380230"
"";"2020-11-30";"13:57:23.654";"43657";"6136";"3231";"7803348"
"";"2020-11-30";"13:57:23.755";"43758";"3171";"3257";"9645132"
"";"2020-11-30";"13:57:23.856";"43859";"5987";"3245";"7867972"
"";"2020-11-30";"13:57:23.956";"43959";"4543";"3258";"9200842"
"";"2020-11-30";"13:57:24.057";"44060";"3000";"3244";"9087750"
"";"2020-11-30";"13:57:24.158";"44161";"5628";"3236";"8263794"
"";"2020-11-30";"13:57:24.259";"44262";"3000";"3238";"9968252"
"";"2020-11-30";"13:57:24.360";"44363";"6346";"3211";"7625632"
"";"2020-11-30";"13:57:24.462";"44465";"4370";"3225";"9410870"
"";"2020-11-30";"13:57:24.563";"44566";"5108";"3227";"8465744"
"";"2020-11-30";"13:57:24.663";"44666";"5052";"3220";"8788864"
"";"2020-11-30";"13:57:24.764";"44767";"3000";"3229";"9976330"
"";"2020-11-30";"13:57:24.864";"44867";"6517";"3208";"7496384"
"";"2020-11-30";"13:57:24.966";"44969";"4758";"3216";"9079672"
"";"2020-11-30";"13:57:25.067";"45070";"3000";"3205";"9111984"
"";"2020-11-30";"13:57:25.168";"45171";"5557";"3187";"8401120"
"";"2020-11-30";"13:57:25.269";"45272";"3000";"3206";"9766302"
"";"2020-11-30";"13:57:25.369";"45372";"6431";"3178";"7585242"
"";"2020-11-30";"13:57:25.471";"45474";"4039";"3187";"9685522"
"";"2020-11-30";"13:57:25.572";"45575";"5400";"3185";"8530368"
"";"2020-11-30";"13:57:25.673";"45676";"4822";"3191";"9055438"
"";"2020-11-30";"13:57:25.773";"45776";"3000";"3194";"9418948"
"";"2020-11-30";"13:57:25.874";"45877";"5291";"3188";"8667694"
"";"2020-11-30";"13:57:25.974";"45977";"3000";"3214";"9717834"
"";"2020-11-30";"13:57:26.074";"46077";"5680";"3203";"8247638"
"";"2020-11-30";"13:57:26.174";"46177";"3000";"3209";"10388308"
"";"2020-11-30";"13:57:26.277";"46280";"6264";"3214";"7698334"
"";"2020-11-30";"13:57:26.378";"46381";"3000";"3235";"9830926"
"";"2020-11-30";"13:57:26.479";"46482";"5365";"3232";"8441510"
"";"2020-11-30";"13:57:26.580";"46583";"4073";"3257";"9532040"
"";"2020-11-30";"13:57:26.680";"46683";"3000";"3252";"9362402"
"";"2020-11-30";"13:57:26.780";"46783";"4019";"3258";"9588586"
"";"2020-11-30";"13:57:26.881";"46884";"3000";"3255";"11252654"
"";"2020-11-30";"13:57:26.981";"46984";"3000";"3257";"11963518"
"";"2020-11-30";"13:57:27.082";"47085";"3000";"3267";"13869926"
"";"2020-11-30";"13:57:27.183";"47186";"3000";"3293";"17989706"
"";"2020-11-30";"13:57:27.283";"47286";"3000";"3306";"20873552"
"";"2020-11-30";"13:57:27.384";"47387";"3000";"3315";"21527870"
"";"2020-11-30";"13:57:27.485";"47488";"3000";"3288";"21560182"
"";"2020-11-30";"13:57:27.585";"47588";"3000";"3251";"21535948"
"";"2020-11-30";"13:57:27.686";"47689";"3000";"3232";"21479402"
"";"2020-11-30";"13:57:27.787";"47790";"3000";"3253";"21511714"
"";"2020-11-30";"13:57:27.887";"47890";"3000";"3266";"21519792"
"";"2020-11-30";"13:57:27.988";"47991";"3000";"3271";"21544026"
"";"2020-11-30";"13:57:28.089";"48092";"3000";"3284";"21487480"
"";"2020-11-30";"13:57:28.189";"48192";"3000";"3282";"21455168"
"";"2020-11-30";"13:57:28.291";"48294";"3000";"3272";"21430934"
"";"2020-11-30";"13:57:28.392";"48395";"3000";"3268";"21495558"
"";"2020-11-30";"13:57:28.493";"48496";"3000";"3269";"21455168"
"";"2020-11-30";"13:57:28.594";"48597";"3000";"3271";"21406700"
"";"2020-11-30";"13:57:28.695";"48698";"3000";"3270";"21358232"
"";"2020-11-30";"13:57:28.796";"48799";"3000";"3287";"21439012"
"";"2020-11-30";"13:57:28.897";"48900";"3000";"3280";"21455168"
"";"2020-11-30";"13:57:28.997";"49000";"3000";"3287";"21366310"
"";"2020-11-30";"13:57:29.098";"49101";"3000";"3284";"21439012"
"";"2020-11-30";"13:57:29.198";"49201";"3000";"3275";"21398622"
"";"2020-11-30";"13:57:29.299";"49302";"3000";"3268";"21350154"
"";"2020-11-30";"13:57:29.400";"49403";"3000";"3275";"21374388"
"";"2020-11-30";"13:57:29.500";"49503";"3000";"3281";"21414778"
"";"2020-11-30";"13:57:29.601";"49604";"3000";"3279";"21374388"
"";"2020-11-30";"13:57:29.701";"49704";"3000";"3272";"21382466"
"";"2020-11-30";"13:57:29.802";"49805";"3000";"3274";"21333998"
"";"2020-11-30";"13:57:29.903";"49906";"3000";"3280";"21366310"
"";"2020-11-30";"13:57:30.003";"50006";"3000";"3280";"21293608"
"";"2020-11-30";"13:57:30.104";"50107";"3000";"3274";"21333998"
"";"2020-11-30";"13:57:30.205";"50208";"3000";"3278";"21358232"
"";"2020-11-30";"13:57:30.306";"50309";"3000";"3277";"21390544"
"";"2020-11-30";"13:57:30.407";"50410";"3000";"3274";"21366310"
"";"2020-11-30";"13:57:30.507";"50510";"3000";"3265";"21277452"
"";"2020-11-30";"13:57:30.608";"50611";"3000";"3285";"21366310"
"";"2020-11-30";"13:57:30.709";"50712";"3000";"3281";"21382466"
"";"2020-11-30";"13:57:30.810";"50813";"3000";"3276";"21374388"
"";"2020-11-30";"13:57:30.911";"50914";"3000";"3273";"21366310"
"";"2020-11-30";"13:57:31.012";"51015";"3000";"3267";"21382466"
"";"2020-11-30";"13:57:31.113";"51116";"3000";"3267";"21350154"
"";"2020-11-30";"13:57:31.214";"51217";"3000";"3283";"21382466"
"";"2020-11-30";"13:57:31.315";"51318";"3000";"3271";"21342076"
"";"2020-11-30";"13:57:31.415";"51418";"3000";"3287";"21398622"
"";"2020-11-30";"13:57:31.516";"51519";"3000";"3279";"21366310"
"";"2020-11-30";"13:57:31.617";"51620";"3000";"3271";"21406700"
"";"2020-11-30";"13:57:31.717";"51720";"3000";"3269";"21374388"
"";"2020-11-30";"13:57:31.819";"51822";"3000";"3267";"21350154"
"";"2020-11-30";"13:57:31.919";"51922";"3000";"3265";"21398622"
"";"2020-11-30";"13:57:32.020";"52023";"3000";"3265";"21366310"
"";"2020-11-30";"13:57:32.120";"52123";"3000";"3264";"21333998"
"";"2020-11-30";"13:57:32.220";"52223";"3000";"3285";"21350154"
"";"2020-11-30";"13:57:32.322";"52325";"3000";"3280";"21390544"
"";"2020-11-30";"13:57:32.423";"52426";"3000";"3275";"21390544"
"";"2020-11-30";"13:57:32.524";"52527";"3000";"3275";"21398622"
"";"2020-11-30";"13:57:32.624";"52627";"3000";"3273";"21398622"
"";"2020-11-30";"13:57:32.725";"52728";"3000";"3271";"21358232"
"";"2020-11-30";"13:57:32.825";"52828";"3000";"3266";"21317842"
"";"2020-11-30";"13:57:32.927";"52930";"3000";"3268";"21350154"
"";"2020-11-30";"13:57:33.028";"53031";"3000";"3276";"21325920"
"";"2020-11-30";"13:57:33.130";"53133";"3000";"3280";"21358232"
"";"2020-11-30";"13:57:33.232";"53235";"3000";"3279";"21350154"
"";"2020-11-30";"13:57:33.333";"53336";"3000";"3275";"21358232"
"";"2020-11-30";"13:57:33.433";"53436";"3000";"3269";"21325920"
"";"2020-11-30";"13:57:33.534";"53537";"3000";"3284";"21325920"
"";"2020-11-30";"13:57:33.635";"53638";"3000";"3282";"21325920"
"";"2020-11-30";"13:57:33.736";"53739";"3000";"3268";"21301686"
"";"2020-11-30";"13:57:33.837";"53840";"3000";"3265";"21317842"
"";"2020-11-30";"13:57:33.938";"53941";"3000";"3283";"21325920"
"";"2020-11-30";"13:57:34.039";"54042";"3000";"3279";"21293608"
"";"2020-11-30";"13:57:34.140";"54143";"3000";"3255";"21285530"
"";"2020-11-30";"13:57:34.240";"54243";"3000";"3259";"21325920"
"";"2020-11-30";"13:57:34.341";"54344";"3000";"3262";"21342076"
"";"2020-11-30";"13:57:34.441";"54444";"3000";"3262";"21293608"
"";"2020-11-30";"13:57:34.541";"54544";"3000";"3269";"21301686"
"";"2020-11-30";"13:57:34.642";"54645";"3000";"3281";"21374388"
"";"2020-11-30";"13:57:34.742";"54745";"3000";"3272";"21333998"
"";"2020-11-30";"13:57:34.843";"54846";"3000";"3264";"21301686"
"";"2020-11-30";"13:57:34.944";"54947";"3000";"3262";"21309764"
"";"2020-11-30";"13:57:35.046";"55049";"3000";"3260";"21301686"
"";"2020-11-30";"13:57:35.147";"55150";"3000";"3259";"21325920"
"";"2020-11-30";"13:57:35.249";"55252";"3000";"3282";"21358232"
"";"2020-11-30";"13:57:35.349";"55352";"3000";"3276";"21350154"
"";"2020-11-30";"13:57:35.451";"55454";"3000";"3271";"21285530"
"";"2020-11-30";"13:57:35.553";"55556";"3000";"3284";"21350154"
"";"2020-11-30";"13:57:35.652";"55655";"3000";"3279";"21325920"
"";"2020-11-30";"13:57:35.753";"55756";"3000";"3278";"21325920"
"";"2020-11-30";"13:57:35.855";"55858";"3000";"3277";"21333998"
"";"2020-11-30";"13:57:35.954";"55957";"3000";"3272";"21390544"
"";"2020-11-30";"13:57:36.056";"56059";"3000";"3270";"21366310"
"";"2020-11-30";"13:57:36.157";"56160";"3000";"3267";"21333998"
"";"2020-11-30";"13:57:36.258";"56261";"3000";"3283";"21342076"
"";"2020-11-30";"13:57:36.358";"56361";"6566";"3281";"7044016"
"";"2020-11-30";"13:57:36.459";"56462";"10000";"3345";"2964626"
"";"2020-11-30";"13:57:36.560";"56563";"10000";"3422";"3384682"
"";"2020-11-30";"13:57:36.662";"56665";"10000";"3399";"4434822"
"";"2020-11-30";"13:57:36.764";"56767";"8655";"3323";"5759614"
"";"2020-11-30";"13:57:36.864";"56867";"6488";"3270";"7423682"
"";"2020-11-30";"13:57:36.964";"56967";"4370";"3258";"9249310"
"";"2020-11-30";"13:57:37.065";"57068";"3000";"3226";"9120062"
"";"2020-11-30";"13:57:37.165";"57168";"5305";"3200";"8627304"
"";"2020-11-30";"13:57:37.266";"57269";"3000";"3222";"9847082"
"";"2020-11-30";"13:57:37.367";"57370";"5842";"3213";"8094156"
"";"2020-11-30";"13:57:37.468";"57471";"3257";"3246";"9822848"
"";"2020-11-30";"13:57:37.568";"57571";"5832";"3234";"8045688"
"";"2020-11-30";"13:57:37.669";"57672";"5292";"3226";"8578836"
"";"2020-11-30";"13:57:37.770";"57773";"3000";"3240";"9879394"
"";"2020-11-30";"13:57:37.870";"57873";"6418";"3211";"7577164"
"";"2020-11-30";"13:57:37.970";"57973";"5111";"3219";"8756552"
"";"2020-11-30";"13:57:38.071";"58074";"3000";"3194";"9887472"
"";"2020-11-30";"13:57:38.171";"58174";"6361";"3144";"7722568"
"";"2020-11-30";"13:57:38.271";"58274";"5060";"3144";"8934268"
"";"2020-11-30";"13:57:38.373";"58376";"3349";"3130";"9903628"
"";"2020-11-30";"13:57:38.473";"58476";"6797";"3088";"7415604"
"";"2020-11-30";"13:57:38.574";"58577";"5606";"3090";"8481900"
"";"2020-11-30";"13:57:38.675";"58678";"4491";"3067";"9556274"
"";"2020-11-30";"13:57:38.775";"58778";"5641";"3029";"8546524"
"";"2020-11-30";"13:57:38.876";"58879";"5905";"2971";"8393042"
"";"2020-11-30";"13:57:38.976";"58979";"6670";"2926";"7722568"
"";"2020-11-30";"13:57:39.078";"59081";"6841";"2910";"7609476"
"";"2020-11-30";"13:57:39.179";"59182";"7221";"2921";"7262122"
"";"2020-11-30";"13:57:39.280";"59283";"7137";"2943";"7318668"
"";"2020-11-30";"13:57:39.380";"59383";"7233";"2979";"7181342"
"";"2020-11-30";"13:57:39.481";"59484";"7115";"3007";"7254044"
"";"2020-11-30";"13:57:39.582";"59585";"7506";"3030";"6906690"
"";"2020-11-30";"13:57:39.682";"59685";"7199";"3053";"7124796"
"";"2020-11-30";"13:57:39.783";"59786";"7456";"3077";"6890534"
"";"2020-11-30";"13:57:39.883";"59886";"7523";"3085";"6817832"
"";"2020-11-30";"13:57:39.984";"59987";"7460";"3105";"6850144"
"";"2020-11-30";"13:57:40.085";"60088";"7657";"3114";"6688584"
"";"2020-11-30";"13:57:40.186";"60189";"7663";"3117";"6672428"
"";"2020-11-30";"13:57:40.287";"60290";"7608";"3135";"6696662"
"";"2020-11-30";"13:57:40.388";"60391";"7720";"3127";"6623960"
"";"2020-11-30";"13:57:40.489";"60492";"7717";"3123";"6623960"
"";"2020-11-30";"13:57:40.590";"60593";"7720";"3121";"6632038"
"";"2020-11-30";"13:57:40.691";"60694";"7942";"3120";"6470478"
"";"2020-11-30";"13:57:40.792";"60795";"7691";"3120";"6648194"
"";"2020-11-30";"13:57:40.893";"60896";"7636";"3118";"6696662"
"";"2020-11-30";"13:57:40.994";"60997";"7792";"3132";"6567414"
"";"2020-11-30";"13:57:41.094";"61097";"7521";"3125";"6777442"
"";"2020-11-30";"13:57:41.194";"61197";"7569";"3122";"6745130"
"";"2020-11-30";"13:57:41.295";"61298";"7698";"3135";"6632038"
"";"2020-11-30";"13:57:41.396";"61399";"7400";"3147";"6842066"
"";"2020-11-30";"13:57:41.496";"61499";"7575";"3132";"6728974"
"";"2020-11-30";"13:57:41.598";"61601";"7717";"3144";"6607804"
"";"2020-11-30";"13:57:41.699";"61702";"7447";"3142";"6809754"
"";"2020-11-30";"13:57:41.800";"61803";"9632";"3099";"5428416"
"";"2020-11-30";"13:57:41.901";"61904";"10000";"2847";"3788582"
"";"2020-11-30";"13:57:42.001";"62004";"10000";"2506";"2827300"
"";"2020-11-30";"13:57:42.101";"62104";"10000";"2168";"2124514"
"";"2020-11-30";"13:57:42.202";"62205";"10000";"1861";"1559054"
"";"2020-11-30";"13:57:42.303";"62306";"10000";"1579";"1163232"
"";"2020-11-30";"13:57:42.404";"62407";"10000";"1345";"856268"
"";"2020-11-30";"13:57:42.504";"62507";"3000";"1168";"1082452"
"";"2020-11-30";"13:57:42.605";"62608";"3000";"1229";"1421728"
"";"2020-11-30";"13:57:42.705";"62708";"10000";"1441";"1373260"
"";"2020-11-30";"13:57:42.807";"62810";"10000";"1571";"1413650"
"";"2020-11-30";"13:57:42.907";"62910";"10000";"1543";"1227856"
"";"2020-11-30";"13:57:43.007";"63010";"10000";"1403";"1050140"
"";"2020-11-30";"13:57:43.108";"63111";"3000";"1253";"1292480"
"";"2020-11-30";"13:57:43.209";"63212";"3000";"1253";"1413650"
"";"2020-11-30";"13:57:43.309";"63312";"10000";"1422";"1397494"
"";"2020-11-30";"13:57:43.409";"63412";"10000";"1524";"1567132"
"";"2020-11-30";"13:57:43.512";"63515";"10000";"1536";"1623678"
"";"2020-11-30";"13:57:43.612";"63615";"10000";"1504";"1462118"
"";"2020-11-30";"13:57:43.713";"63716";"10000";"1449";"1526742"
"";"2020-11-30";"13:57:43.814";"63817";"10000";"1410";"1413650"
"";"2020-11-30";"13:57:43.914";"63917";"10000";"1393";"1518664"
"";"2020-11-30";"13:57:44.015";"64018";"10000";"1386";"1462118"
"";"2020-11-30";"13:57:44.115";"64118";"10000";"1382";"1429806"
"";"2020-11-30";"13:57:44.216";"64219";"10000";"1368";"1389416"
"";"2020-11-30";"13:57:44.317";"64320";"10000";"1375";"1510586"
"";"2020-11-30";"13:57:44.417";"64420";"10000";"1378";"1486352"
"";"2020-11-30";"13:57:44.518";"64521";"10000";"1392";"1542898"
"";"2020-11-30";"13:57:44.618";"64621";"10000";"1385";"1510586"
"";"2020-11-30";"13:57:44.719";"64722";"10000";"1382";"1421728"
"";"2020-11-30";"13:57:44.819";"64822";"10000";"1398";"1559054"
"";"2020-11-30";"13:57:44.921";"64924";"10000";"1388";"1510586"
"";"2020-11-30";"13:57:45.022";"65025";"10000";"1383";"1252090"
"";"2020-11-30";"13:57:45.122";"65125";"3208";"1297";"945126"
"";"2020-11-30";"13:57:45.225";"65228";"3000";"1148";"589694"
"";"2020-11-30";"13:57:45.326";"65329";"3000";"1015";"444290"
"";"2020-11-30";"13:57:45.427";"65430";"3000";"875";"315042"
"";"2020-11-30";"13:57:45.527";"65530";"3000";"749";"242340"
"";"2020-11-30";"13:57:45.628";"65631";"3000";"664";"226184"
"";"2020-11-30";"13:57:45.728";"65731";"3000";"566";"177716"
"";"2020-11-30";"13:57:45.829";"65832";"3000";"517";"32312"
"";"2020-11-30";"13:57:45.929";"65932";"3000";"496";"137326"
"";"2020-11-30";"13:57:46.030";"66033";"3000";"370";"161560"
"";"2020-11-30";"13:57:46.131";"66134";"3000";"228";"161560"
"";"2020-11-30";"13:57:46.231";"66234";"3000";"167";"56546"
"";"2020-11-30";"13:57:46.330";"66333";"3000";"140";"56546"
"";"2020-11-30";"13:57:46.432";"66435";"3000";"129";"8078"
"";"2020-11-30";"13:57:46.532";"66535";"3000";"124";"16156"
"";"2020-11-30";"13:57:46.632";"66635";"3000";"122";"16156"
"";"2020-11-30";"13:57:46.733";"66736";"3000";"121";"0"
"";"2020-11-30";"13:57:46.834";"66837";"3000";"120";"0"
"";"2020-11-30";"13:57:46.935";"66938";"3000";"120";"8078"
"";"2020-11-30";"13:57:47.035";"67038";"3000";"120";"0"
"";"2020-11-30";"13:57:47.136";"67139";"3000";"120";"0"
"";"2020-11-30";"13:57:47.237";"67240";"3000";"120";"8078"
"";"2020-11-30";"13:57:47.337";"67340";"3000";"120";"8078"
"";"2020-11-30";"13:57:47.438";"67441";"3000";"120";"8078"
"";"2020-11-30";"13:57:47.539";"67542";"3000";"120";"8078"
"";"2020-11-30";"13:57:47.640";"67643";"3000";"120";"8078"
"";"2020-11-30";"13:57:47.741";"67744";"3000";"120";"8078"
"";"2020-11-30";"13:57:47.841";"67844";"3000";"120";"0"
"";"2020-11-30";"13:57:47.942";"67945";"3000";"120";"8078"
"";"2020-11-30";"13:57:48.044";"68047";"3000";"120";"8078"
"";"2020-11-30";"13:57:48.143";"68146";"3000";"120";"8078"
"";"2020-11-30";"13:57:48.245";"68248";"3000";"120";"8078"
"";"2020-11-30";"13:57:48.346";"68349";"3000";"120";"8078"
"";"2020-11-30";"13:57:48.446";"68449";"3000";"120";"8078"
"";"2020-11-30";"13:57:48.547";"68550";"3000";"120";"8078"
"";"2020-11-30";"13:57:48.647";"68650";"3000";"120";"8078"
"";"2020-11-30";"13:57:48.748";"68751";"3000";"120";"8078"
"";"2020-11-30";"13:57:48.849";"68852";"3000";"120";"16156"
"";"2020-11-30";"13:57:48.950";"68953";"3000";"120";"8078"
"";"2020-11-30";"13:57:49.051";"69054";"3000";"120";"8078"
"";"2020-11-30";"13:57:49.152";"69155";"3000";"120";"8078"
"";"2020-11-30";"13:57:49.253";"69256";"3000";"120";"8078"
"";"2020-11-30";"13:57:49.354";"69357";"3000";"120";"8078"
"";"2020-11-30";"13:57:49.454";"69457";"3000";"120";"0"
"";"2020-11-30";"13:57:49.555";"69558";"3000";"120";"8078"
"";"2020-11-30";"13:57:49.656";"69659";"3000";"120";"0"
"";"2020-11-30";"13:57:49.757";"69760";"3000";"120";"8078"
"";"2020-11-30";"13:57:49.858";"69861";"3000";"120";"16156"
"";"2020-11-30";"13:57:49.959";"69962";"3000";"120";"16156"
"";"2020-11-30";"13:57:50.060";"70063";"3000";"120";"16156"
"";"2020-11-30";"13:57:50.161";"70164";"3000";"120";"0"
"";"2020-11-30";"13:57:50.261";"70264";"3000";"120";"8078"
"";"2020-11-30";"13:57:50.362";"70365";"3000";"120";"8078"
"";"2020-11-30";"13:57:50.462";"70465";"3000";"120";"8078"
"";"2020-11-30";"13:57:50.563";"70566";"3000";"120";"8078"
"";"2020-11-30";"13:57:50.664";"70667";"3000";"120";"16156"
"";"2020-11-30";"13:57:50.765";"70768";"3000";"120";"16156"
"";"2020-11-30";"13:57:50.865";"70868";"3000";"120";"8078"
"";"2020-11-30";"13:57:50.967";"70970";"3000";"120";"8078"
"";"2020-11-30";"13:57:51.068";"71071";"3000";"120";"8078"
"";"2020-11-30";"13:57:51.169";"71172";"3000";"120";"8078"
"";"2020-11-30";"13:57:51.270";"71273";"3000";"120";"16156"
"";"2020-11-30";"13:57:51.370";"71373";"3000";"120";"0"
"";"2020-11-30";"13:57:51.471";"71474";"3000";"120";"8078"
"";"2020-11-30";"13:57:51.571";"71574";"3000";"120";"16156"
"";"2020-11-30";"13:57:51.672";"71675";"3000";"120";"16156"
"";"2020-11-30";"13:57:51.773";"71776";"3000";"120";"16156"
"";"2020-11-30";"13:57:51.874";"71877";"3000";"120";"8078"
"";"2020-11-30";"13:57:51.974";"71977";"3000";"120";"8078"
"";"2020-11-30";"13:57:52.075";"72078";"3000";"120";"16156"
"";"2020-11-30";"13:57:52.176";"72179";"3000";"120";"16156"
"";"2020-11-30";"13:57:52.277";"72280";"3000";"120";"8078"
"";"2020-11-30";"13:57:52.378";"72381";"3000";"120";"8078"
"";"2020-11-30";"13:57:52.479";"72482";"3000";"120";"8078"
"";"2020-11-30";"13:57:52.580";"72583";"3000";"120";"16156"
"";"2020-11-30";"13:57:52.681";"72684";"3000";"120";"8078"
"";"2020-11-30";"13:57:52.782";"72785";"3000";"120";"8078"
"";"2020-11-30";"13:57:52.882";"72885";"3000";"120";"8078"
"";"2020-11-30";"13:57:52.983";"72986";"3000";"120";"8078"
"";"2020-11-30";"13:57:53.084";"73087";"3000";"120";"8078"
"";"2020-11-30";"13:57:53.185";"73188";"3000";"120";"8078"
"";"2020-11-30";"13:57:53.287";"73290";"3000";"120";"0"
"";"2020-11-30";"13:57:53.387";"73390";"3000";"120";"8078"
"";"2020-11-30";"13:57:53.487";"73490";"3000";"120";"16156"
"";"2020-11-30";"13:57:53.588";"73591";"3000";"120";"16156"
"";"2020-11-30";"13:57:53.688";"73691";"3000";"120";"0"
"";"2020-11-30";"13:57:53.789";"73792";"3000";"120";"8078"
"";"2020-11-30";"13:57:53.890";"73893";"3000";"120";"0"
"";"2020-11-30";"13:57:53.990";"73993";"3000";"120";"8078"
"";"2020-11-30";"13:57:54.091";"74094";"3000";"120";"16156"
"";"2020-11-30";"13:57:54.192";"74195";"3000";"120";"8078"
"";"2020-11-30";"13:57:54.293";"74296";"3000";"120";"16156"
"";"2020-11-30";"13:57:54.394";"74397";"3000";"120";"8078"
"";"2020-11-30";"13:57:54.494";"74497";"3000";"120";"24234"
"";"2020-11-30";"13:57:54.595";"74598";"3000";"120";"16156"
"";"2020-11-30";"13:57:54.695";"74698";"3000";"120";"8078"
"";"2020-11-30";"13:57:54.796";"74799";"3000";"120";"0"
"";"2020-11-30";"13:57:54.896";"74899";"3000";"120";"16156"
"";"2020-11-30";"13:57:54.997";"75000";"3000";"120";"8078"
"";"2020-11-30";"13:57:55.097";"75100";"3000";"120";"16156"
"";"2020-11-30";"13:57:55.197";"75200";"3000";"120";"8078"
"";"2020-11-30";"13:57:55.298";"75301";"3000";"120";"8078"
"";"2020-11-30";"13:57:55.399";"75402";"3000";"120";"16156"
"";"2020-11-30";"13:57:55.500";"75503";"3000";"120";"8078"
"";"2020-11-30";"13:57:55.601";"75604";"3000";"120";"8078"
"";"2020-11-30";"13:57:55.702";"75705";"3000";"120";"0"
"";"2020-11-30";"13:57:55.803";"75806";"3000";"120";"8078"
"";"2020-11-30";"13:57:55.904";"75907";"3000";"120";"8078"
"";"2020-11-30";"13:57:56.005";"76008";"3000";"120";"0"
"";"2020-11-30";"13:57:56.106";"76109";"3000";"120";"16156"
"";"2020-11-30";"13:57:56.207";"76210";"3000";"120";"0"
"";"2020-11-30";"13:57:56.307";"76310";"3000";"120";"8078"
"";"2020-11-30";"13:57:56.407";"76410";"3000";"120";"16156"
"";"2020-11-30";"13:57:56.508";"76511";"3000";"120";"8078"
"";"2020-11-30";"13:57:56.609";"76612";"3000";"120";"16156"
"";"2020-11-30";"13:57:56.709";"76712";"3000";"120";"16156"
"";"2020-11-30";"13:57:56.810";"76813";"3000";"120";"8078"
"";"2020-11-30";"13:57:56.912";"76915";"3000";"120";"16156"
"";"2020-11-30";"13:57:57.012";"77015";"3000";"120";"8078"
"";"2020-11-30";"13:57:57.114";"77117";"3000";"120";"8078"
"";"2020-11-30";"13:57:57.214";"77217";"3000";"120";"8078"
"";"2020-11-30";"13:57:57.315";"77318";"3000";"120";"8078"
"";"2020-11-30";"13:57:57.416";"77419";"3000";"120";"8078"
"";"2020-11-30";"13:57:57.517";"77520";"3000";"120";"8078"
"";"2020-11-30";"13:57:57.618";"77621";"3000";"120";"16156"
"";"2020-11-30";"13:57:57.718";"77721";"3000";"120";"8078"
"";"2020-11-30";"13:57:57.819";"77822";"3000";"120";"8078"
"";"2020-11-30";"13:57:57.919";"77922";"3000";"120";"8078"
"";"2020-11-30";"13:57:58.020";"78023";"3000";"120";"16156"
"";"2020-11-30";"13:57:58.121";"78124";"3000";"120";"8078"
"";"2020-11-30";"13:57:58.222";"78225";"3000";"120";"8078"
"";"2020-11-30";"13:57:58.322";"78325";"3000";"120";"8078"
"";"2020-11-30";"13:57:58.423";"78426";"3000";"120";"8078"
"";"2020-11-30";"13:57:58.523";"78526";"3000";"120";"8078"
"";"2020-11-30";"13:57:58.624";"78627";"3000";"120";"16156"
"";"2020-11-30";"13:57:58.725";"78728";"3000";"120";"8078"
"";"2020-11-30";"13:57:58.826";"78829";"3000";"120";"16156"
"";"2020-11-30";"13:57:58.926";"78929";"3000";"120";"16156"
"";"2020-11-30";"13:57:59.027";"79030";"3000";"120";"8078"
"";"2020-11-30";"13:57:59.128";"79131";"3000";"120";"8078"
"";"2020-11-30";"13:57:59.228";"79231";"3000";"120";"16156"
"";"2020-11-30";"13:57:59.329";"79332";"3000";"120";"8078"
"";"2020-11-30";"13:57:59.430";"79433";"3000";"120";"16156"
"";"2020-11-30";"13:57:59.530";"79533";"3000";"120";"8078"
"";"2020-11-30";"13:57:59.631";"79634";"3000";"120";"16156"
"";"2020-11-30";"13:57:59.732";"79735";"3000";"120";"8078"
"";"2020-11-30";"13:57:59.833";"79836";"3000";"120";"8078"
"";"2020-11-30";"13:57:59.934";"79937";"3000";"120";"16156"
"";"2020-11-30";"13:58:00.035";"80038";"3000";"120";"8078"
"";"2020-11-30";"13:58:00.136";"80139";"3000";"120";"16156"
"";"2020-11-30";"13:58:00.237";"80240";"3000";"120";"16156"
"";"2020-11-30";"13:58:00.337";"80340";"3000";"120";"8078"
"";"2020-11-30";"13:58:00.438";"80441";"3000";"120";"16156"
"";"2020-11-30";"13:58:00.538";"80541";"3000";"120";"8078"
"";"2020-11-30";"13:58:00.638";"80641";"3000";"120";"8078"
"";"2020-11-30";"13:58:00.739";"80742";"3000";"120";"8078"
"";"2020-11-30";"13:58:00.840";"80843";"3000";"120";"8078"
"";"2020-11-30";"13:58:00.941";"80944";"3000";"120";"8078"
"";"2020-11-30";"13:58:01.042";"81045";"3000";"120";"8078"
"";"2020-11-30";"13:58:01.142";"81145";"3000";"120";"24234"
"";"2020-11-30";"13:58:01.243";"81246";"3000";"120";"8078"
"";"2020-11-30";"13:58:01.343";"81346";"3000";"120";"8078"
"";"2020-11-30";"13:58:01.444";"81447";"3000";"120";"8078"
"";"2020-11-30";"13:58:01.546";"81549";"3000";"120";"16156"
"";"2020-11-30";"13:58:01.647";"81650";"3000";"120";"8078"
"";"2020-11-30";"13:58:01.748";"81751";"3000";"120";"0"
"";"2020-11-30";"13:58:01.849";"81852";"3000";"120";"16156"
"";"2020-11-30";"13:58:01.950";"81953";"3000";"120";"8078"
"";"2020-11-30";"13:58:02.052";"82055";"3000";"120";"8078"
"";"2020-11-30";"13:58:02.153";"82156";"3000";"120";"8078"
"";"2020-11-30";"13:58:02.253";"82256";"3000";"120";"8078"
"";"2020-11-30";"13:58:02.355";"82358";"3000";"120";"8078"
"";"2020-11-30";"13:58:02.455";"82458";"3000";"120";"8078"
"";"2020-11-30";"13:58:02.556";"82559";"3000";"120";"8078"
"";"2020-11-30";"13:58:02.657";"82660";"3000";"120";"8078"
"";"2020-11-30";"13:58:02.758";"82761";"3000";"120";"16156"
"";"2020-11-30";"13:58:02.859";"82862";"3000";"120";"0"
"";"2020-11-30";"13:58:02.960";"82963";"3000";"120";"0"
"";"2020-11-30";"13:58:03.061";"83064";"3000";"120";"16156"
"";"2020-11-30";"13:58:03.162";"83165";"3000";"120";"8078"
"";"2020-11-30";"13:58:03.263";"83266";"3000";"120";"8078"
"";"2020-11-30";"13:58:03.364";"83367";"3000";"120";"8078"
"";"2020-11-30";"13:58:03.464";"83467";"3000";"120";"8078"
"";"2020-11-30";"13:58:03.566";"83569";"3000";"120";"8078"
"";"2020-11-30";"13:58:03.667";"83670";"3000";"120";"0"
"";"2020-11-30";"13:58:03.767";"83770";"3000";"120";"8078"
"";"2020-11-30";"13:58:03.868";"83871";"3000";"120";"8078"
"";"2020-11-30";"13:58:03.970";"83973";"3000";"120";"8078"
"";"2020-11-30";"13:58:04.070";"84073";"3000";"120";"8078"
"";"2020-11-30";"13:58:04.170";"84173";"3000";"120";"8078"
