"Info";"Date";"Time";"TimeStamp";"0,2 - CP_last_pwm";"0,2 - CP_output_pwm";"0,2 - CP_rpms";"0,2 - CP_pressure"
"System: New System";"2020-11-17";"17:54:00.870";"0";"3000";"3000";"0";"16156"
"Log page: New basic log page (0)";"2020-11-17";"17:54:00.964";"94";"3000";"3000";"0";"8078"
"";"2020-11-17";"17:54:01.064";"194";"3000";"3000";"0";"0"
"";"2020-11-17";"17:54:01.167";"297";"3000";"3000";"0";"0"
"";"2020-11-17";"17:54:01.267";"397";"3000";"3000";"0";"0"
"";"2020-11-17";"17:54:01.368";"498";"3000";"3000";"0";"0"
"";"2020-11-17";"17:54:01.469";"599";"3000";"3000";"0";"0"
"";"2020-11-17";"17:54:01.569";"699";"3000";"3000";"0";"8078"
"";"2020-11-17";"17:54:01.671";"801";"3000";"3000";"0";"0"
"";"2020-11-17";"17:54:01.772";"902";"3000";"3000";"0";"8078"
"";"2020-11-17";"17:54:01.873";"1003";"3000";"3000";"0";"0"
"";"2020-11-17";"17:54:01.974";"1104";"3000";"3000";"0";"0"
"";"2020-11-17";"17:54:02.075";"1205";"3000";"3000";"0";"8078"
"";"2020-11-17";"17:54:02.176";"1306";"3000";"3000";"0";"16156"
"";"2020-11-17";"17:54:02.278";"1408";"3000";"3000";"0";"8078"
"";"2020-11-17";"17:54:02.378";"1508";"3000";"3000";"0";"0"
"";"2020-11-17";"17:54:02.479";"1609";"3000";"3000";"0";"8078"
"";"2020-11-17";"17:54:02.580";"1710";"3000";"3000";"0";"8078"
"";"2020-11-17";"17:54:02.681";"1811";"3000";"3000";"0";"8078"
"";"2020-11-17";"17:54:02.783";"1913";"3000";"3000";"0";"8078"
"";"2020-11-17";"17:54:02.885";"2015";"3000";"3000";"0";"8078"
"";"2020-11-17";"17:54:02.985";"2115";"3000";"3000";"0";"8078"
"";"2020-11-17";"17:54:03.087";"2217";"3000";"3000";"0";"0"
"";"2020-11-17";"17:54:03.189";"2319";"3000";"3000";"0";"8078"
"";"2020-11-17";"17:54:03.289";"2419";"3000";"3000";"0";"0"
"";"2020-11-17";"17:54:03.391";"2521";"3000";"3000";"0";"8078"
"";"2020-11-17";"17:54:03.491";"2621";"3000";"3000";"0";"8078"
"";"2020-11-17";"17:54:03.593";"2723";"3000";"3000";"0";"8078"
"";"2020-11-17";"17:54:03.693";"2823";"3000";"3000";"0";"0"
"";"2020-11-17";"17:54:03.794";"2924";"3000";"3000";"0";"0"
"";"2020-11-17";"17:54:03.896";"3026";"3000";"3000";"0";"8078"
"";"2020-11-17";"17:54:03.996";"3126";"3000";"3000";"0";"0"
"";"2020-11-17";"17:54:04.098";"3228";"3000";"3000";"0";"16156"
"";"2020-11-17";"17:54:04.199";"3329";"3000";"3000";"0";"0"
"";"2020-11-17";"17:54:04.299";"3429";"3000";"3000";"0";"8078"
"";"2020-11-17";"17:54:04.400";"3530";"3000";"3000";"0";"0"
"";"2020-11-17";"17:54:04.501";"3631";"3000";"3000";"0";"8078"
"";"2020-11-17";"17:54:04.601";"3731";"3000";"3000";"0";"0"
"";"2020-11-17";"17:54:04.703";"3833";"3000";"3000";"0";"8078"
"";"2020-11-17";"17:54:04.804";"3934";"3000";"3000";"0";"0"
"";"2020-11-17";"17:54:04.906";"4036";"3000";"3000";"0";"8078"
"";"2020-11-17";"17:54:05.007";"4137";"3000";"3000";"0";"0"
"";"2020-11-17";"17:54:05.108";"4238";"3000";"3000";"0";"8078"
"";"2020-11-17";"17:54:05.209";"4339";"3000";"3000";"0";"8078"
"";"2020-11-17";"17:54:05.310";"4440";"3000";"3000";"0";"8078"
"";"2020-11-17";"17:54:05.411";"4541";"3000";"3000";"0";"8078"
"";"2020-11-17";"17:54:05.511";"4641";"3000";"3000";"0";"0"
"";"2020-11-17";"17:54:05.612";"4742";"3000";"3000";"0";"0"
"";"2020-11-17";"17:54:05.713";"4843";"3000";"3000";"0";"0"
"";"2020-11-17";"17:54:05.814";"4944";"3000";"3000";"0";"8078"
"";"2020-11-17";"17:54:05.915";"5045";"3000";"3000";"0";"8078"
"";"2020-11-17";"17:54:06.016";"5146";"3000";"3000";"0";"8078"
"";"2020-11-17";"17:54:06.117";"5247";"3000";"3000";"0";"8078"
"";"2020-11-17";"17:54:06.218";"5348";"3000";"3000";"0";"8078"
"";"2020-11-17";"17:54:06.319";"5449";"3000";"3000";"0";"0"
"";"2020-11-17";"17:54:06.420";"5550";"3000";"3000";"0";"8078"
"";"2020-11-17";"17:54:06.521";"5651";"3000";"3000";"0";"0"
"";"2020-11-17";"17:54:06.621";"5751";"3000";"3000";"0";"8078"
"";"2020-11-17";"17:54:06.723";"5853";"3000";"3000";"0";"0"
"";"2020-11-17";"17:54:06.824";"5954";"3000";"3000";"0";"8078"
"";"2020-11-17";"17:54:06.924";"6054";"3000";"3000";"0";"0"
"";"2020-11-17";"17:54:07.025";"6155";"3000";"3000";"0";"0"
"";"2020-11-17";"17:54:07.127";"6257";"3000";"3000";"0";"8078"
"";"2020-11-17";"17:54:07.227";"6357";"3000";"3000";"0";"0"
"";"2020-11-17";"17:54:07.328";"6458";"3000";"3000";"0";"0"
"";"2020-11-17";"17:54:07.430";"6560";"3000";"3000";"0";"0"
"";"2020-11-17";"17:54:07.530";"6660";"3000";"3000";"0";"8078"
"";"2020-11-17";"17:54:07.631";"6761";"3000";"3000";"0";"0"
"";"2020-11-17";"17:54:07.732";"6862";"3000";"3000";"0";"8078"
"";"2020-11-17";"17:54:07.833";"6963";"3000";"3000";"0";"8078"
"";"2020-11-17";"17:54:07.934";"7064";"3000";"3000";"0";"0"
"";"2020-11-17";"17:54:08.035";"7165";"3000";"3000";"0";"0"
"";"2020-11-17";"17:54:08.136";"7266";"3000";"3000";"0";"8078"
"";"2020-11-17";"17:54:08.236";"7366";"3000";"3000";"0";"8078"
"";"2020-11-17";"17:54:08.337";"7467";"3000";"3000";"0";"8078"
"";"2020-11-17";"17:54:08.438";"7568";"3000";"3000";"0";"8078"
"";"2020-11-17";"17:54:08.538";"7668";"3000";"3000";"0";"8078"
"";"2020-11-17";"17:54:08.639";"7769";"3000";"3000";"0";"0"
"";"2020-11-17";"17:54:08.739";"7869";"3000";"3000";"0";"0"
"";"2020-11-17";"17:54:08.840";"7970";"3000";"3000";"0";"8078"
"";"2020-11-17";"17:54:08.941";"8071";"3000";"3000";"0";"0"
"";"2020-11-17";"17:54:09.042";"8172";"3000";"3000";"0";"0"
"";"2020-11-17";"17:54:09.142";"8272";"3000";"3000";"0";"8078"
"";"2020-11-17";"17:54:09.244";"8374";"3000";"3000";"0";"8078"
"";"2020-11-17";"17:54:09.345";"8475";"3000";"3000";"0";"0"
"";"2020-11-17";"17:54:09.446";"8576";"3000";"3000";"0";"16156"
"";"2020-11-17";"17:54:09.547";"8677";"3000";"3000";"0";"8078"
"";"2020-11-17";"17:54:09.648";"8778";"3000";"3000";"0";"8078"
"";"2020-11-17";"17:54:09.749";"8879";"3000";"3000";"0";"8078"
"";"2020-11-17";"17:54:09.849";"8979";"3000";"3000";"0";"8078"
"";"2020-11-17";"17:54:09.950";"9080";"3000";"3000";"0";"0"
"";"2020-11-17";"17:54:10.051";"9181";"3000";"3000";"0";"0"
"";"2020-11-17";"17:54:10.152";"9282";"3000";"3000";"0";"8078"
"";"2020-11-17";"17:54:10.252";"9382";"3000";"3000";"0";"0"
"";"2020-11-17";"17:54:10.353";"9483";"3000";"3000";"0";"8078"
"";"2020-11-17";"17:54:10.453";"9583";"3000";"3000";"0";"0"
"";"2020-11-17";"17:54:10.554";"9684";"3000";"3000";"0";"0"
"";"2020-11-17";"17:54:10.655";"9785";"3000";"3000";"0";"0"
"";"2020-11-17";"17:54:10.756";"9886";"3000";"3000";"0";"0"
"";"2020-11-17";"17:54:10.856";"9986";"3000";"3000";"0";"0"
"";"2020-11-17";"17:54:10.957";"10087";"3000";"3000";"0";"8078"
"";"2020-11-17";"17:54:11.058";"10188";"3000";"3000";"0";"8078"
"";"2020-11-17";"17:54:11.159";"10289";"3000";"3000";"0";"8078"
"";"2020-11-17";"17:54:11.259";"10389";"3000";"3000";"0";"8078"
"";"2020-11-17";"17:54:11.360";"10490";"3000";"3000";"0";"8078"
"";"2020-11-17";"17:54:11.460";"10590";"3000";"3000";"0";"0"
"";"2020-11-17";"17:54:11.561";"10691";"3000";"3000";"0";"8078"
"";"2020-11-17";"17:54:11.661";"10791";"3000";"3000";"0";"0"
"";"2020-11-17";"17:54:11.762";"10892";"3000";"3000";"0";"0"
"";"2020-11-17";"17:54:11.864";"10994";"3000";"3000";"0";"0"
"";"2020-11-17";"17:54:11.965";"11095";"3000";"3000";"0";"0"
"";"2020-11-17";"17:54:12.067";"11197";"3000";"3000";"0";"0"
"";"2020-11-17";"17:54:12.166";"11296";"3000";"3000";"0";"8078"
"";"2020-11-17";"17:54:12.267";"11397";"3000";"3000";"0";"8078"
"";"2020-11-17";"17:54:12.368";"11498";"3000";"3000";"0";"0"
"";"2020-11-17";"17:54:12.469";"11599";"3000";"3000";"0";"8078"
"";"2020-11-17";"17:54:12.570";"11700";"3000";"3000";"0";"0"
"";"2020-11-17";"17:54:12.671";"11801";"3000";"3000";"0";"0"
"";"2020-11-17";"17:54:12.772";"11902";"3000";"3000";"0";"8078"
"";"2020-11-17";"17:54:12.873";"12003";"3000";"3000";"0";"0"
"";"2020-11-17";"17:54:12.974";"12104";"3000";"3000";"0";"8078"
"";"2020-11-17";"17:54:13.074";"12204";"3000";"3000";"0";"0"
"";"2020-11-17";"17:54:13.176";"12306";"3000";"3000";"0";"8078"
"";"2020-11-17";"17:54:13.275";"12405";"3000";"3000";"0";"16156"
"";"2020-11-17";"17:54:13.376";"12506";"3000";"3000";"0";"8078"
"";"2020-11-17";"17:54:13.478";"12608";"3000";"3000";"0";"8078"
"";"2020-11-17";"17:54:13.578";"12708";"3000";"3000";"0";"8078"
"";"2020-11-17";"17:54:13.679";"12809";"3000";"3000";"0";"8078"
"";"2020-11-17";"17:54:13.780";"12910";"3000";"3000";"0";"8078"
"";"2020-11-17";"17:54:13.881";"13011";"3000";"3000";"0";"0"
"";"2020-11-17";"17:54:13.982";"13112";"3000";"3000";"0";"0"
"";"2020-11-17";"17:54:14.083";"13213";"3000";"3000";"0";"8078"
"";"2020-11-17";"17:54:14.183";"13313";"3000";"3000";"0";"0"
"";"2020-11-17";"17:54:14.284";"13414";"3000";"3000";"0";"0"
"";"2020-11-17";"17:54:14.385";"13515";"3000";"3000";"0";"8078"
"";"2020-11-17";"17:54:14.486";"13616";"3000";"3000";"0";"8078"
"";"2020-11-17";"17:54:14.587";"13717";"3000";"3000";"0";"0"
"";"2020-11-17";"17:54:14.688";"13818";"3000";"3000";"0";"0"
"";"2020-11-17";"17:54:14.788";"13918";"3000";"3000";"0";"8078"
"";"2020-11-17";"17:54:14.890";"14020";"3000";"3000";"0";"16156"
"";"2020-11-17";"17:54:14.990";"14120";"3000";"3000";"0";"0"
"";"2020-11-17";"17:54:15.091";"14221";"3000";"3000";"0";"8078"
"";"2020-11-17";"17:54:15.191";"14321";"3000";"3000";"0";"0"
"";"2020-11-17";"17:54:15.293";"14423";"3000";"3000";"0";"0"
"";"2020-11-17";"17:54:15.393";"14523";"3000";"3000";"0";"0"
"";"2020-11-17";"17:54:15.494";"14624";"3000";"3000";"0";"0"
"";"2020-11-17";"17:54:15.594";"14724";"3000";"3000";"0";"0"
"";"2020-11-17";"17:54:15.695";"14825";"3000";"3000";"0";"8078"
"";"2020-11-17";"17:54:15.796";"14926";"3000";"3000";"0";"0"
"";"2020-11-17";"17:54:15.896";"15026";"3000";"3000";"0";"8078"
"";"2020-11-17";"17:54:15.997";"15127";"3000";"3000";"0";"0"
"";"2020-11-17";"17:54:16.097";"15227";"3000";"3000";"0";"0"
"";"2020-11-17";"17:54:16.199";"15329";"3000";"3000";"0";"8078"
"";"2020-11-17";"17:54:16.299";"15429";"3000";"3000";"0";"0"
"";"2020-11-17";"17:54:16.400";"15530";"3000";"3000";"0";"8078"
"";"2020-11-17";"17:54:16.501";"15631";"3000";"3000";"0";"8078"
"";"2020-11-17";"17:54:16.602";"15732";"3000";"3000";"0";"0"
"";"2020-11-17";"17:54:16.704";"15834";"3000";"3000";"0";"0"
"";"2020-11-17";"17:54:16.805";"15935";"3000";"3000";"0";"8078"
"";"2020-11-17";"17:54:16.906";"16036";"3000";"3000";"0";"0"
"";"2020-11-17";"17:54:17.006";"16136";"3000";"3000";"0";"8078"
"";"2020-11-17";"17:54:17.107";"16237";"3000";"3000";"0";"8078"
"";"2020-11-17";"17:54:17.208";"16338";"3000";"3000";"0";"8078"
"";"2020-11-17";"17:54:17.308";"16438";"3000";"3000";"0";"8078"
"";"2020-11-17";"17:54:17.409";"16539";"3000";"3000";"0";"0"
"";"2020-11-17";"17:54:17.511";"16641";"3000";"3000";"0";"0"
"";"2020-11-17";"17:54:17.611";"16741";"3000";"3000";"0";"8078"
"";"2020-11-17";"17:54:17.713";"16843";"3000";"3000";"0";"0"
"";"2020-11-17";"17:54:17.813";"16943";"3000";"3000";"0";"0"
"";"2020-11-17";"17:54:17.914";"17044";"3000";"3000";"0";"0"
"";"2020-11-17";"17:54:18.015";"17145";"3000";"3000";"0";"0"
"";"2020-11-17";"17:54:18.115";"17245";"3000";"3000";"0";"8078"
"";"2020-11-17";"17:54:18.216";"17346";"3000";"3000";"0";"8078"
"";"2020-11-17";"17:54:18.317";"17447";"3000";"3000";"0";"0"
"";"2020-11-17";"17:54:18.418";"17548";"3000";"3000";"0";"16156"
"";"2020-11-17";"17:54:18.519";"17649";"3000";"3000";"0";"0"
"";"2020-11-17";"17:54:18.620";"17750";"3000";"3000";"0";"0"
"";"2020-11-17";"17:54:18.721";"17851";"3000";"3000";"0";"0"
"";"2020-11-17";"17:54:18.821";"17951";"3000";"3000";"0";"16156"
"";"2020-11-17";"17:54:18.922";"18052";"3000";"3000";"0";"0"
"";"2020-11-17";"17:54:19.023";"18153";"3000";"3000";"0";"8078"
"";"2020-11-17";"17:54:19.123";"18253";"3000";"3000";"0";"16156"
"";"2020-11-17";"17:54:19.225";"18355";"3000";"3000";"0";"0"
"";"2020-11-17";"17:54:19.325";"18455";"3000";"3000";"0";"0"
"";"2020-11-17";"17:54:19.426";"18556";"3000";"3000";"0";"8078"
"";"2020-11-17";"17:54:19.527";"18657";"3000";"3000";"0";"8078"
"";"2020-11-17";"17:54:19.628";"18758";"3000";"3000";"0";"8078"
"";"2020-11-17";"17:54:19.729";"18859";"3000";"3000";"0";"8078"
"";"2020-11-17";"17:54:19.830";"18960";"3000";"3000";"0";"8078"
"";"2020-11-17";"17:54:19.931";"19061";"3000";"3000";"0";"8078"
"";"2020-11-17";"17:54:20.032";"19162";"3000";"3000";"0";"8078"
"";"2020-11-17";"17:54:20.132";"19262";"3000";"3000";"0";"0"
"";"2020-11-17";"17:54:20.233";"19363";"3000";"3000";"0";"0"
"";"2020-11-17";"17:54:20.333";"19463";"3000";"3000";"0";"8078"
"";"2020-11-17";"17:54:20.434";"19564";"3000";"3000";"0";"0"
"";"2020-11-17";"17:54:20.535";"19665";"3000";"3000";"0";"0"
"";"2020-11-17";"17:54:20.637";"19767";"3000";"3000";"0";"8078"
"";"2020-11-17";"17:54:20.738";"19868";"3000";"3000";"88";"32312"
"";"2020-11-17";"17:54:20.838";"19968";"3000";"3000";"241";"32312"
"";"2020-11-17";"17:54:20.939";"20069";"3000";"3000";"412";"40390"
"";"2020-11-17";"17:54:21.040";"20170";"3000";"3000";"632";"24234"
"";"2020-11-17";"17:54:21.140";"20270";"3000";"3000";"969";"80780"
"";"2020-11-17";"17:54:21.242";"20372";"10000";"10000";"1281";"113092"
"";"2020-11-17";"17:54:21.343";"20473";"10000";"10000";"1419";"96936"
"";"2020-11-17";"17:54:21.443";"20573";"10000";"10000";"1424";"96936"
"";"2020-11-17";"17:54:21.545";"20675";"10000";"10000";"1399";"80780"
"";"2020-11-17";"17:54:21.646";"20776";"10000";"10000";"1388";"105014"
"";"2020-11-17";"17:54:21.746";"20876";"10000";"10000";"1379";"80780"
"";"2020-11-17";"17:54:21.847";"20977";"10000";"10000";"1360";"88858"
"";"2020-11-17";"17:54:21.948";"21078";"10000";"10000";"1351";"96936"
"";"2020-11-17";"17:54:22.048";"21178";"10000";"10000";"1349";"88858"
"";"2020-11-17";"17:54:22.149";"21279";"10000";"10000";"1352";"88858"
"";"2020-11-17";"17:54:22.250";"21380";"10000";"10000";"1354";"80780"
"";"2020-11-17";"17:54:22.350";"21480";"10000";"10000";"1344";"96936"
"";"2020-11-17";"17:54:22.451";"21581";"10000";"10000";"1347";"88858"
"";"2020-11-17";"17:54:22.552";"21682";"10000";"10000";"1332";"80780"
"";"2020-11-17";"17:54:22.653";"21783";"10000";"10000";"1338";"113092"
"";"2020-11-17";"17:54:22.754";"21884";"10000";"10000";"1376";"105014"
"";"2020-11-17";"17:54:22.855";"21985";"10000";"10000";"1463";"121170"
"";"2020-11-17";"17:54:22.956";"22086";"10000";"10000";"1518";"113092"
"";"2020-11-17";"17:54:23.057";"22187";"10000";"10000";"1527";"113092"
"";"2020-11-17";"17:54:23.158";"22288";"10000";"10000";"1534";"105014"
"";"2020-11-17";"17:54:23.259";"22389";"10000";"10000";"1516";"96936"
"";"2020-11-17";"17:54:23.360";"22490";"10000";"10000";"1507";"121170"
"";"2020-11-17";"17:54:23.460";"22590";"10000";"10000";"1503";"96936"
"";"2020-11-17";"17:54:23.562";"22692";"10000";"10000";"1501";"113092"
"";"2020-11-17";"17:54:23.662";"22792";"10000";"10000";"1514";"121170"
"";"2020-11-17";"17:54:23.764";"22894";"10000";"10000";"1524";"105014"
"";"2020-11-17";"17:54:23.864";"22994";"10000";"10000";"1560";"121170"
"";"2020-11-17";"17:54:23.965";"23095";"10000";"10000";"1573";"121170"
"";"2020-11-17";"17:54:24.066";"23196";"10000";"10000";"1573";"113092"
"";"2020-11-17";"17:54:24.167";"23297";"10000";"10000";"1587";"121170"
"";"2020-11-17";"17:54:24.268";"23398";"10000";"10000";"1584";"129248"
"";"2020-11-17";"17:54:24.369";"23499";"10000";"10000";"1590";"121170"
"";"2020-11-17";"17:54:24.470";"23600";"10000";"10000";"1607";"129248"
"";"2020-11-17";"17:54:24.571";"23701";"10000";"10000";"1614";"137326"
"";"2020-11-17";"17:54:24.672";"23802";"10000";"10000";"1618";"137326"
"";"2020-11-17";"17:54:24.773";"23903";"10000";"10000";"1632";"129248"
"";"2020-11-17";"17:54:24.874";"24004";"10000";"10000";"1643";"137326"
"";"2020-11-17";"17:54:24.974";"24104";"10000";"10000";"1649";"145404"
"";"2020-11-17";"17:54:25.076";"24206";"10000";"10000";"1661";"137326"
"";"2020-11-17";"17:54:25.177";"24307";"10000";"10000";"1672";"153482"
"";"2020-11-17";"17:54:25.278";"24408";"10000";"10000";"1676";"153482"
"";"2020-11-17";"17:54:25.378";"24508";"10000";"10000";"1692";"145404"
"";"2020-11-17";"17:54:25.479";"24609";"10000";"10000";"1690";"153482"
"";"2020-11-17";"17:54:25.580";"24710";"10000";"10000";"1704";"145404"
"";"2020-11-17";"17:54:25.681";"24811";"10000";"10000";"1715";"145404"
"";"2020-11-17";"17:54:25.781";"24911";"10000";"10000";"1726";"153482"
"";"2020-11-17";"17:54:25.882";"25012";"10000";"10000";"1734";"145404"
"";"2020-11-17";"17:54:25.983";"25113";"10000";"10000";"1746";"145404"
"";"2020-11-17";"17:54:26.083";"25213";"10000";"10000";"1746";"145404"
"";"2020-11-17";"17:54:26.184";"25314";"10000";"10000";"1761";"145404"
"";"2020-11-17";"17:54:26.285";"25415";"10000";"10000";"1765";"153482"
"";"2020-11-17";"17:54:26.386";"25516";"10000";"10000";"1761";"153482"
"";"2020-11-17";"17:54:26.487";"25617";"10000";"10000";"1749";"153482"
"";"2020-11-17";"17:54:26.589";"25719";"10000";"10000";"1744";"145404"
"";"2020-11-17";"17:54:26.689";"25819";"10000";"10000";"1742";"161560"
"";"2020-11-17";"17:54:26.790";"25920";"10000";"10000";"1727";"161560"
"";"2020-11-17";"17:54:26.891";"26021";"10000";"10000";"1706";"153482"
"";"2020-11-17";"17:54:26.992";"26122";"10000";"10000";"1691";"161560"
"";"2020-11-17";"17:54:27.092";"26222";"10000";"10000";"1673";"153482"
"";"2020-11-17";"17:54:27.194";"26324";"10000";"10000";"1664";"161560"
"";"2020-11-17";"17:54:27.294";"26424";"10000";"10000";"1652";"153482"
"";"2020-11-17";"17:54:27.395";"26525";"10000";"10000";"1634";"137326"
"";"2020-11-17";"17:54:27.496";"26626";"10000";"10000";"1626";"153482"
"";"2020-11-17";"17:54:27.597";"26727";"10000";"10000";"1623";"161560"
"";"2020-11-17";"17:54:27.698";"26828";"10000";"10000";"1621";"145404"
"";"2020-11-17";"17:54:27.799";"26929";"10000";"10000";"1607";"145404"
"";"2020-11-17";"17:54:27.900";"27030";"10000";"10000";"1614";"153482"
"";"2020-11-17";"17:54:28.001";"27131";"10000";"10000";"1618";"145404"
"";"2020-11-17";"17:54:28.102";"27232";"10000";"10000";"1606";"145404"
"";"2020-11-17";"17:54:28.203";"27333";"10000";"10000";"1614";"153482"
"";"2020-11-17";"17:54:28.304";"27434";"10000";"10000";"1617";"161560"
"";"2020-11-17";"17:54:28.404";"27534";"10000";"10000";"1619";"145404"
"";"2020-11-17";"17:54:28.505";"27635";"10000";"10000";"1597";"129248"
"";"2020-11-17";"17:54:28.606";"27736";"10000";"10000";"1579";"145404"
"";"2020-11-17";"17:54:28.707";"27837";"10000";"10000";"1576";"145404"
"";"2020-11-17";"17:54:28.807";"27937";"10000";"10000";"1559";"137326"
"";"2020-11-17";"17:54:28.908";"28038";"10000";"10000";"1555";"153482"
"";"2020-11-17";"17:54:29.009";"28139";"10000";"10000";"1545";"137326"
"";"2020-11-17";"17:54:29.109";"28239";"10000";"10000";"1538";"129248"
"";"2020-11-17";"17:54:29.211";"28341";"10000";"10000";"1529";"145404"
"";"2020-11-17";"17:54:29.311";"28441";"10000";"10000";"1541";"129248"
"";"2020-11-17";"17:54:29.412";"28542";"10000";"10000";"1575";"153482"
"";"2020-11-17";"17:54:29.513";"28643";"10000";"10000";"1602";"161560"
"";"2020-11-17";"17:54:29.613";"28743";"10000";"10000";"1635";"153482"
"";"2020-11-17";"17:54:29.715";"28845";"10000";"10000";"1627";"153482"
"";"2020-11-17";"17:54:29.815";"28945";"10000";"10000";"1665";"153482"
"";"2020-11-17";"17:54:29.916";"29046";"10000";"10000";"1686";"153482"
"";"2020-11-17";"17:54:30.017";"29147";"10000";"10000";"1700";"153482"
"";"2020-11-17";"17:54:30.117";"29247";"10000";"10000";"1721";"153482"
"";"2020-11-17";"17:54:30.217";"29347";"10000";"10000";"1737";"153482"
"";"2020-11-17";"17:54:30.318";"29448";"10000";"10000";"1739";"153482"
"";"2020-11-17";"17:54:30.419";"29549";"10000";"10000";"1768";"153482"
"";"2020-11-17";"17:54:30.520";"29650";"10000";"10000";"1786";"153482"
"";"2020-11-17";"17:54:30.620";"29750";"10000";"10000";"1781";"153482"
"";"2020-11-17";"17:54:30.721";"29851";"10000";"10000";"1813";"161560"
"";"2020-11-17";"17:54:30.821";"29951";"10000";"10000";"1850";"161560"
"";"2020-11-17";"17:54:30.923";"30053";"10000";"10000";"1858";"185794"
"";"2020-11-17";"17:54:31.023";"30153";"10000";"10000";"1946";"201950"
"";"2020-11-17";"17:54:31.124";"30254";"10000";"10000";"2145";"210028"
"";"2020-11-17";"17:54:31.224";"30354";"10000";"10000";"2400";"226184"
"";"2020-11-17";"17:54:31.325";"30455";"10000";"10000";"2609";"210028"
"";"2020-11-17";"17:54:31.426";"30556";"10000";"10000";"2691";"226184"
"";"2020-11-17";"17:54:31.526";"30656";"10000";"10000";"2708";"218106"
"";"2020-11-17";"17:54:31.627";"30757";"10000";"10000";"2714";"210028"
"";"2020-11-17";"17:54:31.727";"30857";"10000";"10000";"2747";"210028"
"";"2020-11-17";"17:54:31.828";"30958";"10000";"10000";"2837";"218106"
"";"2020-11-17";"17:54:31.928";"31058";"10000";"10000";"2935";"210028"
"";"2020-11-17";"17:54:32.029";"31159";"10000";"10000";"3008";"210028"
"";"2020-11-17";"17:54:32.130";"31260";"10000";"10000";"3060";"201950"
"";"2020-11-17";"17:54:32.231";"31361";"10000";"10000";"3134";"193872"
"";"2020-11-17";"17:54:32.332";"31462";"10000";"10000";"3169";"177716"
"";"2020-11-17";"17:54:32.433";"31563";"10000";"10000";"3221";"169638"
"";"2020-11-17";"17:54:32.534";"31664";"10000";"10000";"3319";"137326"
"";"2020-11-17";"17:54:32.634";"31764";"10000";"10000";"3411";"129248"
"";"2020-11-17";"17:54:32.735";"31865";"10000";"10000";"3453";"153482"
"";"2020-11-17";"17:54:32.836";"31966";"10000";"10000";"3406";"129248"
"";"2020-11-17";"17:54:32.937";"32067";"10000";"10000";"3346";"145404"
"";"2020-11-17";"17:54:33.038";"32168";"10000";"10000";"3337";"137326"
"";"2020-11-17";"17:54:33.139";"32269";"10000";"10000";"3348";"137326"
"";"2020-11-17";"17:54:33.240";"32370";"10000";"10000";"3389";"105014"
"";"2020-11-17";"17:54:33.340";"32470";"10000";"10000";"3417";"129248"
"";"2020-11-17";"17:54:33.441";"32571";"10000";"10000";"3453";"129248"
"";"2020-11-17";"17:54:33.541";"32671";"10000";"10000";"3382";"113092"
"";"2020-11-17";"17:54:33.642";"32772";"10000";"10000";"3314";"145404"
"";"2020-11-17";"17:54:33.743";"32873";"10000";"10000";"3310";"145404"
"";"2020-11-17";"17:54:33.844";"32974";"10000";"10000";"3390";"129248"
"";"2020-11-17";"17:54:33.945";"33075";"10000";"10000";"3441";"105014"
"";"2020-11-17";"17:54:34.046";"33176";"10000";"10000";"3417";"113092"
"";"2020-11-17";"17:54:34.146";"33276";"10000";"10000";"3364";"129248"
"";"2020-11-17";"17:54:34.247";"33377";"10000";"10000";"3308";"129248"
"";"2020-11-17";"17:54:34.348";"33478";"10000";"10000";"3344";"121170"
"";"2020-11-17";"17:54:34.448";"33578";"10000";"10000";"3412";"113092"
"";"2020-11-17";"17:54:34.549";"33679";"10000";"10000";"3427";"129248"
"";"2020-11-17";"17:54:34.650";"33780";"10000";"10000";"3419";"113092"
"";"2020-11-17";"17:54:34.751";"33881";"10000";"10000";"3351";"137326"
"";"2020-11-17";"17:54:34.852";"33982";"10000";"10000";"3322";"137326"
"";"2020-11-17";"17:54:34.953";"34083";"10000";"10000";"3346";"113092"
"";"2020-11-17";"17:54:35.054";"34184";"10000";"10000";"3382";"121170"
"";"2020-11-17";"17:54:35.156";"34286";"10000";"10000";"3432";"88858"
"";"2020-11-17";"17:54:35.256";"34386";"10000";"10000";"3436";"121170"
"";"2020-11-17";"17:54:35.356";"34486";"10000";"10000";"3384";"129248"
"";"2020-11-17";"17:54:35.457";"34587";"10000";"10000";"3319";"137326"
"";"2020-11-17";"17:54:35.558";"34688";"10000";"10000";"3313";"145404"
"";"2020-11-17";"17:54:35.660";"34790";"10000";"10000";"3371";"113092"
"";"2020-11-17";"17:54:35.760";"34890";"10000";"10000";"3433";"113092"
"";"2020-11-17";"17:54:35.862";"34992";"10000";"10000";"3422";"129248"
"";"2020-11-17";"17:54:35.961";"35091";"10000";"10000";"3372";"129248"
"";"2020-11-17";"17:54:36.064";"35194";"10000";"10000";"3317";"137326"
"";"2020-11-17";"17:54:36.164";"35294";"10000";"10000";"3348";"137326"
"";"2020-11-17";"17:54:36.265";"35395";"10000";"10000";"3399";"96936"
"";"2020-11-17";"17:54:36.366";"35496";"10000";"10000";"3425";"129248"
"";"2020-11-17";"17:54:36.466";"35596";"10000";"10000";"3403";"137326"
"";"2020-11-17";"17:54:36.566";"35696";"10000";"10000";"3372";"113092"
"";"2020-11-17";"17:54:36.667";"35797";"10000";"10000";"3346";"129248"
"";"2020-11-17";"17:54:36.768";"35898";"10000";"10000";"3341";"137326"
"";"2020-11-17";"17:54:36.869";"35999";"10000";"10000";"3336";"129248"
"";"2020-11-17";"17:54:36.970";"36100";"10000";"10000";"3369";"113092"
"";"2020-11-17";"17:54:37.072";"36202";"10000";"10000";"3413";"113092"
"";"2020-11-17";"17:54:37.171";"36301";"10000";"10000";"3428";"113092"
"";"2020-11-17";"17:54:37.273";"36403";"10000";"10000";"3380";"129248"
"";"2020-11-17";"17:54:37.374";"36504";"10000";"10000";"3335";"137326"
"";"2020-11-17";"17:54:37.475";"36605";"10000";"10000";"3319";"137326"
"";"2020-11-17";"17:54:37.576";"36706";"10000";"10000";"3359";"137326"
"";"2020-11-17";"17:54:37.676";"36806";"10000";"10000";"3408";"113092"
"";"2020-11-17";"17:54:37.777";"36907";"10000";"10000";"3431";"129248"
"";"2020-11-17";"17:54:37.877";"37007";"10000";"10000";"3415";"121170"
"";"2020-11-17";"17:54:37.978";"37108";"10000";"10000";"3357";"137326"
"";"2020-11-17";"17:54:38.079";"37209";"10000";"10000";"3343";"129248"
"";"2020-11-17";"17:54:38.180";"37310";"10000";"10000";"3364";"121170"
"";"2020-11-17";"17:54:38.280";"37410";"10000";"10000";"3423";"105014"
"";"2020-11-17";"17:54:38.381";"37511";"10000";"10000";"3436";"105014"
"";"2020-11-17";"17:54:38.482";"37612";"10000";"10000";"3415";"129248"
"";"2020-11-17";"17:54:38.583";"37713";"10000";"10000";"3336";"145404"
"";"2020-11-17";"17:54:38.684";"37814";"10000";"10000";"3315";"145404"
"";"2020-11-17";"17:54:38.785";"37915";"10000";"10000";"3364";"113092"
"";"2020-11-17";"17:54:38.886";"38016";"10000";"10000";"3430";"121170"
"";"2020-11-17";"17:54:38.987";"38117";"10000";"10000";"3423";"121170"
"";"2020-11-17";"17:54:39.088";"38218";"10000";"10000";"3391";"137326"
"";"2020-11-17";"17:54:39.188";"38318";"10000";"10000";"3347";"137326"
"";"2020-11-17";"17:54:39.289";"38419";"10000";"10000";"3337";"129248"
"";"2020-11-17";"17:54:39.390";"38520";"10000";"10000";"3350";"129248"
"";"2020-11-17";"17:54:39.490";"38620";"10000";"10000";"3393";"121170"
"";"2020-11-17";"17:54:39.591";"38721";"10000";"10000";"3419";"121170"
"";"2020-11-17";"17:54:39.692";"38822";"10000";"10000";"3433";"121170"
"";"2020-11-17";"17:54:39.794";"38924";"10000";"10000";"3389";"121170"
"";"2020-11-17";"17:54:39.894";"39024";"10000";"10000";"3343";"137326"
"";"2020-11-17";"17:54:39.996";"39126";"10000";"10000";"3318";"129248"
"";"2020-11-17";"17:54:40.097";"39227";"10000";"10000";"3381";"121170"
"";"2020-11-17";"17:54:40.198";"39328";"10000";"10000";"3450";"105014"
"";"2020-11-17";"17:54:40.298";"39428";"10000";"10000";"3441";"105014"
"";"2020-11-17";"17:54:40.398";"39528";"10000";"10000";"3398";"137326"
"";"2020-11-17";"17:54:40.500";"39630";"10000";"10000";"3333";"153482"
"";"2020-11-17";"17:54:40.601";"39731";"10000";"10000";"3323";"137326"
"";"2020-11-17";"17:54:40.702";"39832";"10000";"10000";"3391";"96936"
"";"2020-11-17";"17:54:40.803";"39933";"10000";"10000";"3442";"121170"
"";"2020-11-17";"17:54:40.904";"40034";"10000";"10000";"3406";"129248"
"";"2020-11-17";"17:54:41.004";"40134";"10000";"10000";"3382";"137326"
"";"2020-11-17";"17:54:41.105";"40235";"10000";"10000";"3356";"137326"
"";"2020-11-17";"17:54:41.206";"40336";"10000";"10000";"3360";"129248"
"";"2020-11-17";"17:54:41.307";"40437";"10000";"10000";"3393";"121170"
"";"2020-11-17";"17:54:41.408";"40538";"10000";"10000";"3426";"113092"
"";"2020-11-17";"17:54:41.508";"40638";"10000";"10000";"3422";"105014"
"";"2020-11-17";"17:54:41.609";"40739";"10000";"10000";"3384";"113092"
"";"2020-11-17";"17:54:41.710";"40840";"10000";"10000";"3336";"129248"
"";"2020-11-17";"17:54:41.812";"40942";"10000";"10000";"3333";"137326"
"";"2020-11-17";"17:54:41.912";"41042";"10000";"10000";"3370";"121170"
"";"2020-11-17";"17:54:42.013";"41143";"10000";"10000";"3406";"113092"
"";"2020-11-17";"17:54:42.113";"41243";"10000";"10000";"3430";"137326"
"";"2020-11-17";"17:54:42.214";"41344";"10000";"10000";"3440";"145404"
"";"2020-11-17";"17:54:42.314";"41444";"10000";"10000";"3402";"145404"
"";"2020-11-17";"17:54:42.415";"41545";"10000";"10000";"3362";"145404"
"";"2020-11-17";"17:54:42.516";"41646";"10000";"10000";"3346";"137326"
"";"2020-11-17";"17:54:42.616";"41746";"10000";"10000";"3370";"129248"
"";"2020-11-17";"17:54:42.718";"41848";"10000";"10000";"3398";"137326"
"";"2020-11-17";"17:54:42.818";"41948";"10000";"10000";"3421";"129248"
"";"2020-11-17";"17:54:42.920";"42050";"10000";"10000";"3414";"137326"
"";"2020-11-17";"17:54:43.020";"42150";"10000";"10000";"3361";"129248"
"";"2020-11-17";"17:54:43.121";"42251";"10000";"10000";"3326";"137326"
"";"2020-11-17";"17:54:43.222";"42352";"10000";"10000";"3348";"129248"
"";"2020-11-17";"17:54:43.323";"42453";"10000";"10000";"3408";"145404"
"";"2020-11-17";"17:54:43.423";"42553";"10000";"10000";"3430";"121170"
"";"2020-11-17";"17:54:43.524";"42654";"10000";"10000";"3406";"145404"
"";"2020-11-17";"17:54:43.625";"42755";"10000";"10000";"3346";"145404"
"";"2020-11-17";"17:54:43.726";"42856";"10000";"10000";"3339";"145404"
"";"2020-11-17";"17:54:43.827";"42957";"10000";"10000";"3357";"121170"
"";"2020-11-17";"17:54:43.927";"43057";"10000";"10000";"3399";"121170"
"";"2020-11-17";"17:54:44.028";"43158";"10000";"10000";"3422";"129248"
"";"2020-11-17";"17:54:44.129";"43259";"10000";"10000";"3397";"137326"
"";"2020-11-17";"17:54:44.230";"43360";"10000";"10000";"3362";"145404"
"";"2020-11-17";"17:54:44.331";"43461";"10000";"10000";"3333";"145404"
"";"2020-11-17";"17:54:44.431";"43561";"10000";"10000";"3385";"137326"
"";"2020-11-17";"17:54:44.531";"43661";"10000";"10000";"3407";"129248"
"";"2020-11-17";"17:54:44.632";"43762";"10000";"10000";"3447";"121170"
"";"2020-11-17";"17:54:44.733";"43863";"10000";"10000";"3411";"137326"
"";"2020-11-17";"17:54:44.834";"43964";"10000";"10000";"3373";"137326"
"";"2020-11-17";"17:54:44.934";"44064";"10000";"10000";"3351";"137326"
"";"2020-11-17";"17:54:45.035";"44165";"10000";"10000";"3371";"121170"
"";"2020-11-17";"17:54:45.136";"44266";"10000";"10000";"3403";"121170"
"";"2020-11-17";"17:54:45.236";"44366";"10000";"10000";"3434";"121170"
"";"2020-11-17";"17:54:45.337";"44467";"10000";"10000";"3444";"129248"
"";"2020-11-17";"17:54:45.438";"44568";"10000";"10000";"3416";"137326"
"";"2020-11-17";"17:54:45.539";"44669";"10000";"10000";"3370";"137326"
"";"2020-11-17";"17:54:45.639";"44769";"10000";"10000";"3349";"129248"
"";"2020-11-17";"17:54:45.740";"44870";"10000";"10000";"3357";"137326"
"";"2020-11-17";"17:54:45.841";"44971";"10000";"10000";"3410";"113092"
"";"2020-11-17";"17:54:45.942";"45072";"10000";"10000";"3437";"129248"
"";"2020-11-17";"17:54:46.043";"45173";"10000";"10000";"3425";"129248"
"";"2020-11-17";"17:54:46.143";"45273";"10000";"10000";"3419";"137326"
"";"2020-11-17";"17:54:46.245";"45375";"10000";"10000";"3368";"129248"
"";"2020-11-17";"17:54:46.346";"45476";"10000";"10000";"3356";"129248"
"";"2020-11-17";"17:54:46.446";"45576";"10000";"10000";"3351";"129248"
"";"2020-11-17";"17:54:46.547";"45677";"10000";"10000";"3397";"105014"
"";"2020-11-17";"17:54:46.647";"45777";"10000";"10000";"3430";"113092"
"";"2020-11-17";"17:54:46.748";"45878";"10000";"10000";"3437";"121170"
"";"2020-11-17";"17:54:46.849";"45979";"10000";"10000";"3415";"121170"
"";"2020-11-17";"17:54:46.950";"46080";"10000";"10000";"3384";"129248"
"";"2020-11-17";"17:54:47.052";"46182";"10000";"10000";"3355";"129248"
"";"2020-11-17";"17:54:47.153";"46283";"10000";"10000";"3360";"129248"
"";"2020-11-17";"17:54:47.254";"46384";"10000";"10000";"3399";"113092"
"";"2020-11-17";"17:54:47.354";"46484";"10000";"10000";"3445";"96936"
"";"2020-11-17";"17:54:47.455";"46585";"10000";"10000";"3429";"121170"
"";"2020-11-17";"17:54:47.556";"46686";"10000";"10000";"3422";"113092"
"";"2020-11-17";"17:54:47.656";"46786";"10000";"10000";"3387";"121170"
"";"2020-11-17";"17:54:47.757";"46887";"10000";"10000";"3342";"137326"
"";"2020-11-17";"17:54:47.858";"46988";"10000";"10000";"3355";"113092"
"";"2020-11-17";"17:54:47.958";"47088";"10000";"10000";"3394";"113092"
"";"2020-11-17";"17:54:48.059";"47189";"10000";"10000";"3429";"113092"
"";"2020-11-17";"17:54:48.160";"47290";"10000";"10000";"3436";"137326"
"";"2020-11-17";"17:54:48.261";"47391";"10000";"10000";"3400";"121170"
"";"2020-11-17";"17:54:48.362";"47492";"10000";"10000";"3362";"137326"
"";"2020-11-17";"17:54:48.463";"47593";"10000";"10000";"3342";"137326"
"";"2020-11-17";"17:54:48.564";"47694";"10000";"10000";"3369";"105014"
"";"2020-11-17";"17:54:48.665";"47795";"10000";"10000";"3415";"129248"
"";"2020-11-17";"17:54:48.766";"47896";"10000";"10000";"3429";"113092"
"";"2020-11-17";"17:54:48.867";"47997";"10000";"10000";"3422";"129248"
"";"2020-11-17";"17:54:48.968";"48098";"10000";"10000";"3373";"129248"
"";"2020-11-17";"17:54:49.069";"48199";"10000";"10000";"3355";"129248"
"";"2020-11-17";"17:54:49.170";"48300";"10000";"10000";"3365";"121170"
"";"2020-11-17";"17:54:49.270";"48400";"10000";"10000";"3397";"113092"
"";"2020-11-17";"17:54:49.371";"48501";"10000";"10000";"3442";"113092"
"";"2020-11-17";"17:54:49.471";"48601";"10000";"10000";"3436";"113092"
"";"2020-11-17";"17:54:49.572";"48702";"10000";"10000";"3397";"129248"
"";"2020-11-17";"17:54:49.672";"48802";"10000";"10000";"3351";"113092"
"";"2020-11-17";"17:54:49.773";"48903";"10000";"10000";"3339";"121170"
"";"2020-11-17";"17:54:49.874";"49004";"10000";"10000";"3361";"121170"
"";"2020-11-17";"17:54:49.974";"49104";"10000";"10000";"3411";"113092"
"";"2020-11-17";"17:54:50.076";"49206";"10000";"10000";"3430";"129248"
"";"2020-11-17";"17:54:50.178";"49308";"10000";"10000";"3422";"121170"
"";"2020-11-17";"17:54:50.278";"49408";"10000";"10000";"3372";"129248"
"";"2020-11-17";"17:54:50.379";"49509";"10000";"10000";"3349";"129248"
"";"2020-11-17";"17:54:50.480";"49610";"10000";"10000";"3359";"234262"
"";"2020-11-17";"17:54:50.582";"49712";"10000";"10000";"3396";"266574"
"";"2020-11-17";"17:54:50.683";"49813";"10000";"10000";"3430";"306964"
"";"2020-11-17";"17:54:50.784";"49914";"10000";"10000";"3442";"315042"
"";"2020-11-17";"17:54:50.885";"50015";"10000";"10000";"3404";"379666"
"";"2020-11-17";"17:54:50.986";"50116";"10000";"10000";"3359";"420056"
"";"2020-11-17";"17:54:51.087";"50217";"10000";"10000";"3325";"533148"
"";"2020-11-17";"17:54:51.187";"50317";"10000";"10000";"3374";"630084"
"";"2020-11-17";"17:54:51.288";"50418";"10000";"10000";"3421";"670474"
"";"2020-11-17";"17:54:51.388";"50518";"10000";"10000";"3439";"686630"
"";"2020-11-17";"17:54:51.489";"50619";"10000";"10000";"3412";"775488"
"";"2020-11-17";"17:54:51.590";"50720";"10000";"10000";"3378";"807800"
"";"2020-11-17";"17:54:51.691";"50821";"10000";"10000";"3352";"977438"
"";"2020-11-17";"17:54:51.792";"50922";"10000";"10000";"3342";"985516"
"";"2020-11-17";"17:54:51.893";"51023";"10000";"10000";"3371";"1195544"
"";"2020-11-17";"17:54:51.994";"51124";"10000";"10000";"3409";"1349026"
"";"2020-11-17";"17:54:52.095";"51225";"10000";"10000";"3425";"1389416"
"";"2020-11-17";"17:54:52.196";"51326";"10000";"10000";"3388";"1510586"
"";"2020-11-17";"17:54:52.296";"51426";"10000";"10000";"3370";"1591366"
"";"2020-11-17";"17:54:52.397";"51527";"10000";"10000";"3354";"1752926"
"";"2020-11-17";"17:54:52.497";"51627";"10000";"10000";"3342";"1857940"
"";"2020-11-17";"17:54:52.598";"51728";"10000";"10000";"3370";"1890252"
"";"2020-11-17";"17:54:52.700";"51830";"10000";"10000";"3398";"2148748"
"";"2020-11-17";"17:54:52.800";"51930";"10000";"10000";"3392";"2237606"
"";"2020-11-17";"17:54:52.901";"52031";"10000";"10000";"3368";"2294152"
"";"2020-11-17";"17:54:53.002";"52132";"10000";"10000";"3360";"2415322"
"";"2020-11-17";"17:54:53.103";"52233";"10000";"10000";"3351";"2641506"
"";"2020-11-17";"17:54:53.204";"52334";"10000";"10000";"3353";"2722286"
"";"2020-11-17";"17:54:53.305";"52435";"10000";"10000";"3345";"2681896"
"";"2020-11-17";"17:54:53.406";"52536";"10000";"10000";"3340";"2665740"
"";"2020-11-17";"17:54:53.507";"52637";"10000";"10000";"3357";"2706130"
"";"2020-11-17";"17:54:53.608";"52738";"10000";"10000";"3344";"2609194"
"";"2020-11-17";"17:54:53.708";"52838";"10000";"10000";"3355";"2593038"
"";"2020-11-17";"17:54:53.810";"52940";"10000";"10000";"3366";"2584960"
"";"2020-11-17";"17:54:53.911";"53041";"10000";"10000";"3357";"2568804"
"";"2020-11-17";"17:54:54.011";"53141";"10000";"10000";"3356";"2488024"
"";"2020-11-17";"17:54:54.112";"53242";"10000";"10000";"3358";"2552648"
"";"2020-11-17";"17:54:54.213";"53343";"10000";"10000";"3344";"2560726"
"";"2020-11-17";"17:54:54.314";"53444";"10000";"10000";"3352";"2576882"
"";"2020-11-17";"17:54:54.415";"53545";"10000";"10000";"3343";"2536492"
"";"2020-11-17";"17:54:54.516";"53646";"10000";"10000";"3359";"2568804"
"";"2020-11-17";"17:54:54.616";"53746";"10000";"10000";"3363";"2576882"
"";"2020-11-17";"17:54:54.717";"53847";"10000";"10000";"3361";"2641506"
"";"2020-11-17";"17:54:54.818";"53948";"10000";"10000";"3357";"2665740"
"";"2020-11-17";"17:54:54.919";"54049";"10000";"10000";"3352";"2681896"
"";"2020-11-17";"17:54:55.019";"54149";"10000";"10000";"3355";"2649584"
"";"2020-11-17";"17:54:55.120";"54250";"10000";"10000";"3357";"2593038"
"";"2020-11-17";"17:54:55.220";"54350";"10000";"10000";"3339";"2609194"
"";"2020-11-17";"17:54:55.321";"54451";"10000";"10000";"3346";"2625350"
"";"2020-11-17";"17:54:55.422";"54552";"10000";"10000";"3348";"2673818"
"";"2020-11-17";"17:54:55.523";"54653";"10000";"10000";"3342";"2633428"
"";"2020-11-17";"17:54:55.623";"54753";"10000";"10000";"3350";"2673818"
"";"2020-11-17";"17:54:55.725";"54855";"10000";"10000";"3346";"2601116"
"";"2020-11-17";"17:54:55.826";"54956";"10000";"10000";"3358";"2649584"
"";"2020-11-17";"17:54:55.926";"55056";"10000";"10000";"3364";"2609194"
"";"2020-11-17";"17:54:56.027";"55157";"10000";"10000";"3366";"2657662"
"";"2020-11-17";"17:54:56.127";"55257";"10000";"10000";"3369";"2625350"
"";"2020-11-17";"17:54:56.228";"55358";"10000";"10000";"3368";"2673818"
"";"2020-11-17";"17:54:56.329";"55459";"10000";"10000";"3348";"2584960"
"";"2020-11-17";"17:54:56.429";"55559";"10000";"10000";"3361";"2641506"
"";"2020-11-17";"17:54:56.531";"55661";"10000";"10000";"3366";"2609194"
"";"2020-11-17";"17:54:56.631";"55761";"10000";"10000";"3363";"2641506"
"";"2020-11-17";"17:54:56.732";"55862";"10000";"10000";"3359";"2714208"
"";"2020-11-17";"17:54:56.833";"55963";"10000";"10000";"3353";"2681896"
"";"2020-11-17";"17:54:56.934";"56064";"10000";"10000";"3357";"2738442"
"";"2020-11-17";"17:54:57.035";"56165";"10000";"10000";"3342";"2738442"
"";"2020-11-17";"17:54:57.136";"56266";"10000";"10000";"3334";"2698052"
"";"2020-11-17";"17:54:57.238";"56368";"10000";"10000";"3329";"2827300"
"";"2020-11-17";"17:54:57.339";"56469";"10000";"10000";"3349";"2908080"
"";"2020-11-17";"17:54:57.440";"56570";"10000";"10000";"3342";"3045406"
"";"2020-11-17";"17:54:57.541";"56671";"10000";"10000";"3350";"3037328"
"";"2020-11-17";"17:54:57.641";"56771";"10000";"10000";"3342";"3101952"
"";"2020-11-17";"17:54:57.743";"56873";"10000";"10000";"3342";"3223122"
"";"2020-11-17";"17:54:57.844";"56974";"10000";"10000";"3318";"3223122"
"";"2020-11-17";"17:54:57.945";"57075";"10000";"10000";"3308";"3522008"
"";"2020-11-17";"17:54:58.046";"57176";"10000";"10000";"3303";"3740114"
"";"2020-11-17";"17:54:58.147";"57277";"10000";"10000";"3301";"3966298"
"";"2020-11-17";"17:54:58.247";"57377";"10000";"10000";"3301";"4265184"
"";"2020-11-17";"17:54:58.348";"57478";"10000";"10000";"3300";"4523680"
"";"2020-11-17";"17:54:58.448";"57578";"10000";"10000";"3292";"5032594"
"";"2020-11-17";"17:54:58.549";"57679";"10000";"10000";"3266";"5525352"
"";"2020-11-17";"17:54:58.650";"57780";"10000";"10000";"3247";"5783848"
"";"2020-11-17";"17:54:58.750";"57880";"10000";"10000";"3244";"6010032"
"";"2020-11-17";"17:54:58.852";"57982";"10000";"10000";"3222";"6632038"
"";"2020-11-17";"17:54:58.953";"58083";"10000";"10000";"3193";"6898612"
"";"2020-11-17";"17:54:59.054";"58184";"10000";"10000";"3187";"7052094"
"";"2020-11-17";"17:54:59.156";"58286";"10000";"10000";"3179";"7205576"
"";"2020-11-17";"17:54:59.257";"58387";"10000";"10000";"3151";"7302512"
"";"2020-11-17";"17:54:59.358";"58488";"10000";"10000";"3147";"7245966"
"";"2020-11-17";"17:54:59.458";"58588";"10000";"10000";"3146";"7472150"
"";"2020-11-17";"17:54:59.559";"58689";"10000";"10000";"3137";"7593320"
"";"2020-11-17";"17:54:59.659";"58789";"10000";"10000";"3128";"7431760"
"";"2020-11-17";"17:54:59.760";"58890";"10000";"10000";"3123";"7585242"
"";"2020-11-17";"17:54:59.859";"58989";"10000";"10000";"3122";"7455994"
"";"2020-11-17";"17:54:59.961";"59091";"10000";"10000";"3118";"7375214"
"";"2020-11-17";"17:55:00.062";"59192";"10000";"10000";"3108";"7617554"
"";"2020-11-17";"17:55:00.162";"59292";"10000";"10000";"3105";"7415604"
"";"2020-11-17";"17:55:00.264";"59394";"10000";"10000";"3102";"7423682"
"";"2020-11-17";"17:55:00.364";"59494";"10000";"10000";"3112";"7254044"
"";"2020-11-17";"17:55:00.465";"59595";"10000";"10000";"3106";"7173264"
"";"2020-11-17";"17:55:00.568";"59698";"10000";"10000";"3114";"7140952"
"";"2020-11-17";"17:55:00.669";"59799";"10000";"10000";"3117";"7302512"
"";"2020-11-17";"17:55:00.769";"59899";"10000";"10000";"3140";"7197498"
"";"2020-11-17";"17:55:00.870";"60000";"10000";"10000";"3129";"7375214"
"";"2020-11-17";"17:55:00.970";"60100";"10000";"10000";"3149";"7447916"
"";"2020-11-17";"17:55:01.071";"60201";"10000";"10000";"3133";"7302512"
"";"2020-11-17";"17:55:01.172";"60302";"10000";"10000";"3140";"7318668"
"";"2020-11-17";"17:55:01.272";"60402";"10000";"10000";"3148";"7407526"
"";"2020-11-17";"17:55:01.373";"60503";"10000";"10000";"3154";"7359058"
"";"2020-11-17";"17:55:01.475";"60605";"10000";"10000";"3153";"7326746"
"";"2020-11-17";"17:55:01.576";"60706";"10000";"10000";"3138";"7464072"
"";"2020-11-17";"17:55:01.677";"60807";"10000";"10000";"3149";"7383292"
"";"2020-11-17";"17:55:01.778";"60908";"10000";"10000";"3156";"7270200"
"";"2020-11-17";"17:55:01.879";"61009";"10000";"10000";"3138";"7536774"
"";"2020-11-17";"17:55:01.980";"61110";"10000";"10000";"3140";"7439838"
"";"2020-11-17";"17:55:02.081";"61211";"10000";"10000";"3148";"7302512"
"";"2020-11-17";"17:55:02.182";"61312";"10000";"10000";"3158";"7609476"
"";"2020-11-17";"17:55:02.283";"61413";"10000";"10000";"3152";"7447916"
"";"2020-11-17";"17:55:02.384";"61514";"10000";"10000";"3164";"7278278"
"";"2020-11-17";"17:55:02.485";"61615";"10000";"10000";"3140";"7536774"
"";"2020-11-17";"17:55:02.586";"61716";"10000";"10000";"3146";"7464072"
"";"2020-11-17";"17:55:02.687";"61817";"10000";"10000";"3158";"7326746"
"";"2020-11-17";"17:55:02.788";"61918";"10000";"10000";"3136";"7520618"
"";"2020-11-17";"17:55:02.889";"62019";"10000";"10000";"3144";"7439838"
"";"2020-11-17";"17:55:02.990";"62120";"10000";"10000";"3157";"7318668"
"";"2020-11-17";"17:55:03.091";"62221";"10000";"10000";"3136";"7569086"
"";"2020-11-17";"17:55:03.192";"62322";"10000";"10000";"3151";"7447916"
"";"2020-11-17";"17:55:03.293";"62423";"10000";"10000";"3133";"7278278"
"";"2020-11-17";"17:55:03.393";"62523";"10000";"10000";"3141";"7569086"
"";"2020-11-17";"17:55:03.494";"62624";"10000";"10000";"3153";"7423682"
"";"2020-11-17";"17:55:03.595";"62725";"10000";"10000";"3136";"7318668"
"";"2020-11-17";"17:55:03.696";"62826";"10000";"10000";"3139";"7552930"
"";"2020-11-17";"17:55:03.797";"62927";"10000";"10000";"3152";"7399448"
"";"2020-11-17";"17:55:03.898";"63028";"10000";"10000";"3134";"7310590"
"";"2020-11-17";"17:55:03.999";"63129";"10000";"10000";"3141";"7520618"
"";"2020-11-17";"17:55:04.099";"63229";"10000";"10000";"3129";"7512540"
"";"2020-11-17";"17:55:04.201";"63331";"10000";"10000";"3138";"7359058"
"";"2020-11-17";"17:55:04.302";"63432";"10000";"10000";"3149";"7528696"
"";"2020-11-17";"17:55:04.403";"63533";"10000";"10000";"3132";"7536774"
"";"2020-11-17";"17:55:04.504";"63634";"10000";"10000";"3157";"7415604"
"";"2020-11-17";"17:55:04.605";"63735";"10000";"10000";"3136";"7722568"
"";"2020-11-17";"17:55:04.706";"63836";"10000";"10000";"3150";"7811426"
"";"2020-11-17";"17:55:04.807";"63937";"10000";"10000";"3133";"7609476"
"";"2020-11-17";"17:55:04.907";"64037";"10000";"10000";"3126";"7956830"
"";"2020-11-17";"17:55:05.008";"64138";"10000";"10000";"3110";"7900284"
"";"2020-11-17";"17:55:05.109";"64239";"10000";"10000";"3113";"7714490"
"";"2020-11-17";"17:55:05.210";"64340";"10000";"10000";"3091";"8069922"
"";"2020-11-17";"17:55:05.310";"64440";"10000";"10000";"3093";"7867972"
"";"2020-11-17";"17:55:05.411";"64541";"10000";"10000";"3081";"7989142"
"";"2020-11-17";"17:55:05.512";"64642";"10000";"10000";"3075";"7981064"
"";"2020-11-17";"17:55:05.612";"64742";"10000";"10000";"3073";"7714490"
"";"2020-11-17";"17:55:05.714";"64844";"10000";"10000";"3046";"7989142"
"";"2020-11-17";"17:55:05.815";"64945";"10000";"10000";"3043";"7803348"
"";"2020-11-17";"17:55:05.916";"65046";"10000";"10000";"3037";"8191092"
"";"2020-11-17";"17:55:06.017";"65147";"10000";"10000";"3036";"7835660"
"";"2020-11-17";"17:55:06.118";"65248";"10000";"10000";"3015";"7981064"
"";"2020-11-17";"17:55:06.219";"65349";"10000";"10000";"3007";"8110312"
"";"2020-11-17";"17:55:06.320";"65450";"10000";"10000";"3015";"8191092"
"";"2020-11-17";"17:55:06.421";"65551";"9946";"9946";"3006";"8441510"
"";"2020-11-17";"17:55:06.522";"65652";"10000";"10000";"3012";"8279950"
"";"2020-11-17";"17:55:06.622";"65752";"9721";"9721";"3005";"8635382"
"";"2020-11-17";"17:55:06.725";"65855";"9888";"9888";"3002";"8498056"
"";"2020-11-17";"17:55:06.825";"65955";"9502";"9502";"3001";"8837332"
"";"2020-11-17";"17:55:06.925";"66055";"9911";"9911";"3000";"8481900"
"";"2020-11-17";"17:55:07.026";"66156";"9528";"9528";"2981";"8853488"
"";"2020-11-17";"17:55:07.127";"66257";"10000";"10000";"2975";"8409198"
"";"2020-11-17";"17:55:07.228";"66358";"9664";"9664";"2955";"8780786"
"";"2020-11-17";"17:55:07.328";"66458";"10000";"10000";"2923";"8449588"
"";"2020-11-17";"17:55:07.429";"66559";"9778";"9778";"2923";"8740396"
"";"2020-11-17";"17:55:07.530";"66660";"9824";"9824";"2927";"8691928"
"";"2020-11-17";"17:55:07.631";"66761";"9766";"9766";"2916";"8764630"
"";"2020-11-17";"17:55:07.731";"66861";"9561";"9561";"2914";"8950424"
"";"2020-11-17";"17:55:07.832";"66962";"9870";"9870";"2898";"8708084"
"";"2020-11-17";"17:55:07.932";"67062";"9456";"9456";"2890";"9095828"
"";"2020-11-17";"17:55:08.033";"67163";"9895";"9895";"2886";"8708084"
"";"2020-11-17";"17:55:08.134";"67264";"9622";"9622";"2886";"8950424"
"";"2020-11-17";"17:55:08.235";"67365";"10000";"10000";"2869";"8619226"
"";"2020-11-17";"17:55:08.335";"67465";"9797";"9797";"2859";"8845410"
"";"2020-11-17";"17:55:08.437";"67567";"9753";"9753";"2853";"8893878"
"";"2020-11-17";"17:55:08.537";"67667";"9829";"9829";"2861";"8813098"
"";"2020-11-17";"17:55:08.638";"67768";"9496";"9496";"2838";"9160452"
"";"2020-11-17";"17:55:08.739";"67869";"9982";"9982";"2828";"8740396"
"";"2020-11-17";"17:55:08.840";"67970";"9623";"9623";"2823";"9071594"
"";"2020-11-17";"17:55:08.940";"68070";"9563";"9563";"2821";"9128140"
"";"2020-11-17";"17:55:09.041";"68171";"9733";"9733";"2821";"8974658"
"";"2020-11-17";"17:55:09.142";"68272";"9338";"9338";"2820";"9346246"
"";"2020-11-17";"17:55:09.243";"68373";"9958";"9958";"2809";"8796942"
"";"2020-11-17";"17:55:09.344";"68474";"9667";"9667";"2793";"9087750"
"";"2020-11-17";"17:55:09.445";"68575";"9371";"9371";"2790";"9370480"
"";"2020-11-17";"17:55:09.546";"68676";"9825";"9825";"2777";"8974658"
"";"2020-11-17";"17:55:09.646";"68776";"9649";"9649";"2772";"9144296"
"";"2020-11-17";"17:55:09.747";"68877";"9435";"9435";"2767";"9354324"
"";"2020-11-17";"17:55:09.848";"68978";"9906";"9906";"2751";"8950424"
"";"2020-11-17";"17:55:09.949";"69079";"9510";"9510";"2748";"9322012"
"";"2020-11-17";"17:55:10.049";"69179";"9312";"9312";"2741";"9523962"
"";"2020-11-17";"17:55:10.150";"69280";"9815";"9815";"2743";"9047360"
"";"2020-11-17";"17:55:10.250";"69380";"9585";"9585";"2719";"9305856"
"";"2020-11-17";"17:55:10.351";"69481";"9173";"9173";"2711";"9725912"
"";"2020-11-17";"17:55:10.452";"69582";"9939";"9939";"2713";"8990814"
"";"2020-11-17";"17:55:10.553";"69683";"9647";"9647";"2697";"9289700"
"";"2020-11-17";"17:55:10.653";"69783";"9560";"9560";"2681";"9402792"
"";"2020-11-17";"17:55:10.754";"69884";"9432";"9432";"2677";"9532040"
"";"2020-11-17";"17:55:10.854";"69984";"9957";"9957";"2678";"9039282"
"";"2020-11-17";"17:55:10.955";"70085";"9577";"9577";"2664";"9418948"
"";"2020-11-17";"17:55:11.055";"70185";"9428";"9428";"2655";"9580508"
"";"2020-11-17";"17:55:11.156";"70286";"9229";"9229";"2648";"9790536"
"";"2020-11-17";"17:55:11.257";"70387";"9921";"9921";"2634";"9152374"
"";"2020-11-17";"17:55:11.358";"70488";"9747";"9747";"2617";"9346246"
"";"2020-11-17";"17:55:11.458";"70588";"9634";"9634";"2609";"9467416"
"";"2020-11-17";"17:55:11.559";"70689";"9310";"9310";"2591";"9822848"
"";"2020-11-17";"17:55:11.659";"70789";"9282";"9282";"2595";"9839004"
"";"2020-11-17";"17:55:11.761";"70891";"9900";"9900";"2587";"9257388"
"";"2020-11-17";"17:55:11.862";"70992";"9871";"9871";"2571";"9313934"
"";"2020-11-17";"17:55:11.963";"71093";"9601";"9601";"2561";"9588586"
"";"2020-11-17";"17:55:12.064";"71194";"9433";"9433";"2542";"9790536"
"";"2020-11-17";"17:55:12.165";"71295";"9099";"9099";"2545";"10129812"
"";"2020-11-17";"17:55:12.266";"71396";"9321";"9321";"2519";"9944018"
"";"2020-11-17";"17:55:12.366";"71496";"9792";"9792";"2512";"9491650"
"";"2020-11-17";"17:55:12.467";"71597";"10000";"10000";"2497";"9103906"
"";"2020-11-17";"17:55:12.569";"71699";"10000";"10000";"2476";"9152374"
"";"2020-11-17";"17:55:12.670";"71800";"9936";"9936";"2481";"9410870"
"";"2020-11-17";"17:55:12.770";"71900";"9949";"9949";"2488";"9386636"
"";"2020-11-17";"17:55:12.871";"72001";"9766";"9766";"2472";"9588586"
"";"2020-11-17";"17:55:12.971";"72101";"9615";"9615";"2478";"9725912"
"";"2020-11-17";"17:55:13.072";"72202";"9481";"9481";"2479";"9855160"
"";"2020-11-17";"17:55:13.173";"72303";"9835";"9835";"2484";"9499728"
"";"2020-11-17";"17:55:13.274";"72404";"10000";"10000";"2487";"9079672"
"";"2020-11-17";"17:55:13.375";"72505";"10000";"10000";"2495";"9055438"
"";"2020-11-17";"17:55:13.476";"72606";"10000";"10000";"2476";"9297778"
"";"2020-11-17";"17:55:13.577";"72707";"9711";"9711";"2493";"9604742"
"";"2020-11-17";"17:55:13.678";"72808";"9612";"9612";"2474";"9733990"
"";"2020-11-17";"17:55:13.778";"72908";"9348";"9348";"2457";"10032876"
"";"2020-11-17";"17:55:13.879";"73009";"9325";"9325";"2448";"10073266"
"";"2020-11-17";"17:55:13.980";"73110";"9178";"9178";"2436";"10250982"
"";"2020-11-17";"17:55:14.081";"73211";"9156";"9156";"2430";"10283294"
"";"2020-11-17";"17:55:14.182";"73312";"9191";"9191";"2422";"10259060"
"";"2020-11-17";"17:55:14.282";"73412";"9253";"9253";"2412";"10210592"
"";"2020-11-17";"17:55:14.383";"73513";"9352";"9352";"2388";"10145968"
"";"2020-11-17";"17:55:14.483";"73613";"9353";"9353";"2373";"10170202"
"";"2020-11-17";"17:55:14.584";"73714";"9344";"9344";"2389";"10154046"
"";"2020-11-17";"17:55:14.685";"73815";"9398";"9398";"2374";"10121734"
"";"2020-11-17";"17:55:14.785";"73915";"9223";"9223";"2374";"10307528"
"";"2020-11-17";"17:55:14.886";"74016";"9241";"9241";"2353";"10323684"
"";"2020-11-17";"17:55:14.986";"74116";"9309";"9309";"2340";"10275216"
"";"2020-11-17";"17:55:15.087";"74217";"9353";"9353";"2326";"10250982"
"";"2020-11-17";"17:55:15.187";"74317";"9530";"9530";"2312";"10089422"
"";"2020-11-17";"17:55:15.289";"74419";"9612";"9612";"2304";"10016720"
"";"2020-11-17";"17:55:15.389";"74519";"9802";"9802";"2295";"9839004"
"";"2020-11-17";"17:55:15.490";"74620";"9808";"9808";"2290";"9839004"
"";"2020-11-17";"17:55:15.592";"74722";"9714";"9714";"2271";"9960174"
"";"2020-11-17";"17:55:15.692";"74822";"9959";"9959";"2261";"9733990"
"";"2020-11-17";"17:55:15.793";"74923";"10000";"10000";"2255";"9588586"
"";"2020-11-17";"17:55:15.895";"75025";"10000";"10000";"2235";"9588586"
"";"2020-11-17";"17:55:15.996";"75126";"9291";"9291";"2226";"10461010"
"";"2020-11-17";"17:55:16.097";"75227";"8681";"8681";"2164";"11244576"
"";"2020-11-17";"17:55:16.198";"75328";"9210";"9210";"2123";"10679116"
"";"2020-11-17";"17:55:16.299";"75429";"9250";"9250";"2082";"10679116"
"";"2020-11-17";"17:55:16.399";"75529";"8609";"8609";"2029";"11454604"
"";"2020-11-17";"17:55:16.500";"75630";"8434";"8434";"1969";"11713100"
"";"2020-11-17";"17:55:16.602";"75732";"8698";"8698";"1884";"11365746"
"";"2020-11-17";"17:55:16.703";"75833";"7304";"7304";"1750";"13078282"
"";"2020-11-17";"17:55:16.804";"75934";"5442";"5442";"1585";"15525916"
"";"2020-11-17";"17:55:16.905";"76035";"3000";"3000";"1395";"19783022"
"";"2020-11-17";"17:55:17.006";"76136";"10000";"10000";"1158";"1033984"
"";"2020-11-17";"17:55:17.107";"76237";"3000";"3000";"841";"113092"
"";"2020-11-17";"17:55:17.208";"76338";"3000";"3000";"711";"153482"
"";"2020-11-17";"17:55:17.309";"76439";"3000";"3000";"653";"121170"
"";"2020-11-17";"17:55:17.410";"76540";"3000";"3000";"573";"145404"
"";"2020-11-17";"17:55:17.510";"76640";"3000";"3000";"506";"177716"
"";"2020-11-17";"17:55:17.611";"76741";"3000";"3000";"423";"129248"
"";"2020-11-17";"17:55:17.712";"76842";"3000";"3000";"387";"48468"
"";"2020-11-17";"17:55:17.813";"76943";"3000";"3000";"372";"4725630"
"";"2020-11-17";"17:55:17.914";"77044";"3000";"3000";"365";"193872"
"";"2020-11-17";"17:55:18.015";"77145";"3000";"3000";"362";"8078"
"";"2020-11-17";"17:55:18.116";"77246";"3000";"3000";"361";"8078"
"";"2020-11-17";"17:55:18.218";"77348";"3000";"3000";"360";"16156"
"";"2020-11-17";"17:55:18.319";"77449";"3000";"3000";"360";"8078"
"";"2020-11-17";"17:55:18.419";"77549";"3000";"3000";"360";"8078"
"";"2020-11-17";"17:55:18.520";"77650";"3000";"3000";"360";"16156"
"";"2020-11-17";"17:55:18.620";"77750";"3000";"3000";"360";"8078"
"";"2020-11-17";"17:55:18.721";"77851";"3000";"3000";"360";"8078"
"";"2020-11-17";"17:55:18.822";"77952";"3000";"3000";"360";"8078"
"";"2020-11-17";"17:55:18.922";"78052";"3000";"3000";"360";"8078"
"";"2020-11-17";"17:55:19.023";"78153";"3000";"3000";"360";"8078"
"";"2020-11-17";"17:55:19.123";"78253";"3000";"3000";"360";"8078"
"";"2020-11-17";"17:55:19.224";"78354";"3000";"3000";"360";"8078"
"";"2020-11-17";"17:55:19.324";"78454";"3000";"3000";"360";"8078"
"";"2020-11-17";"17:55:19.425";"78555";"3000";"3000";"360";"8078"
"";"2020-11-17";"17:55:19.526";"78656";"3000";"3000";"360";"8078"
"";"2020-11-17";"17:55:19.627";"78757";"3000";"3000";"360";"0"
"";"2020-11-17";"17:55:19.728";"78858";"3000";"3000";"360";"0"
"";"2020-11-17";"17:55:19.829";"78959";"3000";"3000";"360";"0"
"";"2020-11-17";"17:55:19.929";"79059";"3000";"3000";"360";"8078"
"";"2020-11-17";"17:55:20.030";"79160";"3000";"3000";"360";"8078"
"";"2020-11-17";"17:55:20.130";"79260";"3000";"3000";"360";"0"
"";"2020-11-17";"17:55:20.231";"79361";"3000";"3000";"360";"8078"
"";"2020-11-17";"17:55:20.331";"79461";"3000";"3000";"360";"8078"
"";"2020-11-17";"17:55:20.432";"79562";"3000";"3000";"360";"8078"
"";"2020-11-17";"17:55:20.533";"79663";"3000";"3000";"360";"0"
"";"2020-11-17";"17:55:20.634";"79764";"3000";"3000";"360";"8078"
"";"2020-11-17";"17:55:20.734";"79864";"3000";"3000";"360";"0"
"";"2020-11-17";"17:55:20.836";"79966";"3000";"3000";"360";"8078"
"";"2020-11-17";"17:55:20.937";"80067";"3000";"3000";"360";"0"
"";"2020-11-17";"17:55:21.038";"80168";"3000";"3000";"360";"16156"
"";"2020-11-17";"17:55:21.139";"80269";"3000";"3000";"360";"0"
"";"2020-11-17";"17:55:21.240";"80370";"3000";"3000";"360";"8078"
"";"2020-11-17";"17:55:21.341";"80471";"3000";"3000";"360";"0"
"";"2020-11-17";"17:55:21.442";"80572";"3000";"3000";"360";"0"
"";"2020-11-17";"17:55:21.543";"80673";"3000";"3000";"360";"0"
"";"2020-11-17";"17:55:21.644";"80774";"3000";"3000";"360";"0"
"";"2020-11-17";"17:55:21.744";"80874";"3000";"3000";"360";"0"
"";"2020-11-17";"17:55:21.845";"80975";"3000";"3000";"360";"8078"
"";"2020-11-17";"17:55:21.946";"81076";"3000";"3000";"360";"0"
"";"2020-11-17";"17:55:22.046";"81176";"3000";"3000";"360";"0"
"";"2020-11-17";"17:55:22.147";"81277";"3000";"3000";"360";"0"
"";"2020-11-17";"17:55:22.248";"81378";"3000";"3000";"360";"8078"
"";"2020-11-17";"17:55:22.349";"81479";"3000";"3000";"360";"0"
"";"2020-11-17";"17:55:22.449";"81579";"3000";"3000";"360";"0"
"";"2020-11-17";"17:55:22.550";"81680";"3000";"3000";"360";"8078"
"";"2020-11-17";"17:55:22.651";"81781";"3000";"3000";"360";"0"
"";"2020-11-17";"17:55:22.753";"81883";"3000";"3000";"360";"0"
"";"2020-11-17";"17:55:22.854";"81984";"3000";"3000";"360";"0"
"";"2020-11-17";"17:55:22.954";"82084";"3000";"3000";"360";"0"
"";"2020-11-17";"17:55:23.055";"82185";"3000";"3000";"360";"0"
"";"2020-11-17";"17:55:23.156";"82286";"3000";"3000";"360";"8078"
"";"2020-11-17";"17:55:23.256";"82386";"3000";"3000";"360";"8078"
"";"2020-11-17";"17:55:23.358";"82488";"3000";"3000";"360";"8078"
"";"2020-11-17";"17:55:23.458";"82588";"3000";"3000";"360";"8078"
"";"2020-11-17";"17:55:23.558";"82688";"3000";"3000";"360";"0"
"";"2020-11-17";"17:55:23.659";"82789";"3000";"3000";"360";"8078"
"";"2020-11-17";"17:55:23.760";"82890";"3000";"3000";"360";"8078"
"";"2020-11-17";"17:55:23.861";"82991";"3000";"3000";"360";"0"
"";"2020-11-17";"17:55:23.962";"83092";"3000";"3000";"360";"0"
"";"2020-11-17";"17:55:24.063";"83193";"3000";"3000";"360";"24234"
"";"2020-11-17";"17:55:24.164";"83294";"3000";"3000";"360";"0"
"";"2020-11-17";"17:55:24.265";"83395";"3000";"3000";"360";"0"
"";"2020-11-17";"17:55:24.366";"83496";"3000";"3000";"360";"0"
"";"2020-11-17";"17:55:24.466";"83596";"3000";"3000";"360";"8078"
"";"2020-11-17";"17:55:24.567";"83697";"3000";"3000";"360";"8078"
"";"2020-11-17";"17:55:24.668";"83798";"3000";"3000";"360";"8078"
"";"2020-11-17";"17:55:24.769";"83899";"3000";"3000";"360";"8078"
"";"2020-11-17";"17:55:24.869";"83999";"3000";"3000";"360";"8078"
"";"2020-11-17";"17:55:24.970";"84100";"3000";"3000";"360";"0"
"";"2020-11-17";"17:55:25.072";"84202";"3000";"3000";"360";"8078"
"";"2020-11-17";"17:55:25.173";"84303";"3000";"3000";"360";"0"
"";"2020-11-17";"17:55:25.273";"84403";"3000";"3000";"360";"8078"
"";"2020-11-17";"17:55:25.376";"84506";"3000";"3000";"360";"0"
"";"2020-11-17";"17:55:25.475";"84605";"3000";"3000";"360";"0"
"";"2020-11-17";"17:55:25.576";"84706";"3000";"3000";"360";"0"
"";"2020-11-17";"17:55:25.678";"84808";"3000";"3000";"360";"0"
"";"2020-11-17";"17:55:25.779";"84909";"3000";"3000";"360";"8078"
"";"2020-11-17";"17:55:25.879";"85009";"3000";"3000";"360";"8078"
"";"2020-11-17";"17:55:25.980";"85110";"3000";"3000";"360";"0"
"";"2020-11-17";"17:55:26.080";"85210";"3000";"3000";"360";"0"
"";"2020-11-17";"17:55:26.181";"85311";"3000";"3000";"360";"8078"
"";"2020-11-17";"17:55:26.282";"85412";"3000";"3000";"360";"0"
"";"2020-11-17";"17:55:26.382";"85512";"3000";"3000";"360";"0"
"";"2020-11-17";"17:55:26.483";"85613";"3000";"3000";"360";"0"
"";"2020-11-17";"17:55:26.584";"85714";"3000";"3000";"360";"0"
"";"2020-11-17";"17:55:26.684";"85814";"3000";"3000";"360";"0"
"";"2020-11-17";"17:55:26.785";"85915";"3000";"3000";"360";"8078"
"";"2020-11-17";"17:55:26.886";"86016";"3000";"3000";"360";"8078"
"";"2020-11-17";"17:55:26.988";"86118";"3000";"3000";"360";"8078"
"";"2020-11-17";"17:55:27.089";"86219";"3000";"3000";"360";"0"
"";"2020-11-17";"17:55:27.190";"86320";"3000";"3000";"360";"8078"
"";"2020-11-17";"17:55:27.291";"86421";"3000";"3000";"360";"0"
"";"2020-11-17";"17:55:27.392";"86522";"3000";"3000";"360";"16156"
"";"2020-11-17";"17:55:27.492";"86622";"3000";"3000";"360";"0"
"";"2020-11-17";"17:55:27.593";"86723";"3000";"3000";"360";"8078"
"";"2020-11-17";"17:55:27.694";"86824";"3000";"3000";"360";"8078"
"";"2020-11-17";"17:55:27.795";"86925";"3000";"3000";"360";"8078"
"";"2020-11-17";"17:55:27.896";"87026";"3000";"3000";"360";"0"
"";"2020-11-17";"17:55:27.996";"87126";"3000";"3000";"360";"0"
"";"2020-11-17";"17:55:28.097";"87227";"3000";"3000";"360";"8078"
"";"2020-11-17";"17:55:28.198";"87328";"3000";"3000";"360";"8078"
"";"2020-11-17";"17:55:28.299";"87429";"3000";"3000";"360";"0"
"";"2020-11-17";"17:55:28.400";"87530";"3000";"3000";"360";"8078"
"";"2020-11-17";"17:55:28.500";"87630";"3000";"3000";"360";"0"
"";"2020-11-17";"17:55:28.601";"87731";"3000";"3000";"360";"0"
"";"2020-11-17";"17:55:28.702";"87832";"3000";"3000";"360";"0"
"";"2020-11-17";"17:55:28.802";"87932";"3000";"3000";"360";"0"
"";"2020-11-17";"17:55:28.903";"88033";"3000";"3000";"360";"8078"
"";"2020-11-17";"17:55:29.003";"88133";"3000";"3000";"360";"0"
"";"2020-11-17";"17:55:29.104";"88234";"3000";"3000";"360";"0"
"";"2020-11-17";"17:55:29.205";"88335";"3000";"3000";"360";"0"
"";"2020-11-17";"17:55:29.305";"88435";"3000";"3000";"360";"8078"
"";"2020-11-17";"17:55:29.406";"88536";"3000";"3000";"360";"8078"
"";"2020-11-17";"17:55:29.507";"88637";"3000";"3000";"360";"8078"
"";"2020-11-17";"17:55:29.608";"88738";"3000";"3000";"360";"8078"
"";"2020-11-17";"17:55:29.708";"88838";"3000";"3000";"360";"8078"
"";"2020-11-17";"17:55:29.809";"88939";"3000";"3000";"360";"0"
"";"2020-11-17";"17:55:29.910";"89040";"3000";"3000";"360";"8078"
"";"2020-11-17";"17:55:30.011";"89141";"3000";"3000";"360";"8078"
"";"2020-11-17";"17:55:30.111";"89241";"3000";"3000";"360";"8078"
"";"2020-11-17";"17:55:30.213";"89343";"3000";"3000";"360";"8078"
"";"2020-11-17";"17:55:30.313";"89443";"3000";"3000";"360";"8078"
"";"2020-11-17";"17:55:30.413";"89543";"3000";"3000";"360";"8078"
"";"2020-11-17";"17:55:30.514";"89644";"3000";"3000";"360";"8078"
"";"2020-11-17";"17:55:30.615";"89745";"3000";"3000";"360";"0"
"";"2020-11-17";"17:55:30.716";"89846";"3000";"3000";"360";"0"
"";"2020-11-17";"17:55:30.817";"89947";"3000";"3000";"360";"0"
"";"2020-11-17";"17:55:30.918";"90048";"3000";"3000";"360";"8078"
"";"2020-11-17";"17:55:31.019";"90149";"3000";"3000";"360";"0"
"";"2020-11-17";"17:55:31.120";"90250";"3000";"3000";"360";"8078"
"";"2020-11-17";"17:55:31.220";"90350";"3000";"3000";"360";"8078"
"";"2020-11-17";"17:55:31.321";"90451";"3000";"3000";"360";"0"
"";"2020-11-17";"17:55:31.422";"90552";"3000";"3000";"360";"0"
"";"2020-11-17";"17:55:31.522";"90652";"3000";"3000";"360";"0"
"";"2020-11-17";"17:55:31.623";"90753";"3000";"3000";"360";"0"
"";"2020-11-17";"17:55:31.723";"90853";"3000";"3000";"360";"0"
"";"2020-11-17";"17:55:31.825";"90955";"3000";"3000";"360";"8078"
"";"2020-11-17";"17:55:31.926";"91056";"3000";"3000";"360";"8078"
"";"2020-11-17";"17:55:32.027";"91157";"3000";"3000";"360";"8078"
"";"2020-11-17";"17:55:32.127";"91257";"3000";"3000";"360";"0"
"";"2020-11-17";"17:55:32.228";"91358";"3000";"3000";"360";"0"
"";"2020-11-17";"17:55:32.328";"91458";"3000";"3000";"360";"0"
"";"2020-11-17";"17:55:32.428";"91558";"3000";"3000";"360";"8078"
"";"2020-11-17";"17:55:32.529";"91659";"3000";"3000";"360";"0"
"";"2020-11-17";"17:55:32.629";"91759";"3000";"3000";"360";"0"
"";"2020-11-17";"17:55:32.730";"91860";"3000";"3000";"360";"0"
"";"2020-11-17";"17:55:32.830";"91960";"3000";"3000";"360";"8078"
"";"2020-11-17";"17:55:32.930";"92060";"3000";"3000";"360";"8078"
"";"2020-11-17";"17:55:33.031";"92161";"3000";"3000";"360";"0"
"";"2020-11-17";"17:55:33.132";"92262";"3000";"3000";"360";"8078"
"";"2020-11-17";"17:55:33.233";"92363";"3000";"3000";"360";"8078"
"";"2020-11-17";"17:55:33.333";"92463";"3000";"3000";"360";"0"
"";"2020-11-17";"17:55:33.434";"92564";"3000";"3000";"360";"8078"
"";"2020-11-17";"17:55:33.534";"92664";"3000";"3000";"360";"0"
"";"2020-11-17";"17:55:33.635";"92765";"3000";"3000";"360";"0"
"";"2020-11-17";"17:55:33.736";"92866";"3000";"3000";"360";"0"
"";"2020-11-17";"17:55:33.837";"92967";"3000";"3000";"360";"8078"
"";"2020-11-17";"17:55:33.937";"93067";"3000";"3000";"360";"0"
"";"2020-11-17";"17:55:34.038";"93168";"3000";"3000";"360";"0"
"";"2020-11-17";"17:55:34.138";"93268";"3000";"3000";"360";"8078"
"";"2020-11-17";"17:55:34.239";"93369";"3000";"3000";"360";"0"
"";"2020-11-17";"17:55:34.340";"93470";"3000";"3000";"360";"8078"
"";"2020-11-17";"17:55:34.441";"93571";"3000";"3000";"360";"8078"
"";"2020-11-17";"17:55:34.543";"93673";"3000";"3000";"360";"8078"
"";"2020-11-17";"17:55:34.643";"93773";"3000";"3000";"360";"0"
"";"2020-11-17";"17:55:34.744";"93874";"3000";"3000";"360";"8078"
"";"2020-11-17";"17:55:34.845";"93975";"3000";"3000";"360";"0"
"";"2020-11-17";"17:55:34.946";"94076";"3000";"3000";"360";"16156"
"";"2020-11-17";"17:55:35.047";"94177";"3000";"3000";"360";"0"
"";"2020-11-17";"17:55:35.148";"94278";"3000";"3000";"360";"8078"
"";"2020-11-17";"17:55:35.249";"94379";"3000";"3000";"360";"0"
"";"2020-11-17";"17:55:35.350";"94480";"3000";"3000";"360";"0"
"";"2020-11-17";"17:55:35.451";"94581";"3000";"3000";"360";"0"
"";"2020-11-17";"17:55:35.552";"94682";"3000";"3000";"360";"0"
"";"2020-11-17";"17:55:35.652";"94782";"3000";"3000";"360";"8078"
"";"2020-11-17";"17:55:35.753";"94883";"3000";"3000";"360";"0"
"";"2020-11-17";"17:55:35.853";"94983";"3000";"3000";"360";"8078"
"";"2020-11-17";"17:55:35.955";"95085";"3000";"3000";"360";"0"
"";"2020-11-17";"17:55:36.056";"95186";"3000";"3000";"360";"0"
"";"2020-11-17";"17:55:36.157";"95287";"3000";"3000";"360";"8078"
"";"2020-11-17";"17:55:36.258";"95388";"3000";"3000";"360";"0"
"";"2020-11-17";"17:55:36.359";"95489";"3000";"3000";"360";"0"
"";"2020-11-17";"17:55:36.460";"95590";"3000";"3000";"360";"0"
"";"2020-11-17";"17:55:36.562";"95692";"3000";"3000";"360";"8078"
"";"2020-11-17";"17:55:36.662";"95792";"3000";"3000";"360";"8078"
"";"2020-11-17";"17:55:36.763";"95893";"3000";"3000";"360";"0"
"";"2020-11-17";"17:55:36.864";"95994";"3000";"3000";"360";"0"
"";"2020-11-17";"17:55:36.965";"96095";"3000";"3000";"360";"8078"
"";"2020-11-17";"17:55:37.066";"96196";"3000";"3000";"360";"0"
"";"2020-11-17";"17:55:37.167";"96297";"3000";"3000";"360";"8078"
"";"2020-11-17";"17:55:37.268";"96398";"3000";"3000";"360";"8078"
"";"2020-11-17";"17:55:37.369";"96499";"3000";"3000";"360";"0"
"";"2020-11-17";"17:55:37.470";"96600";"3000";"3000";"360";"0"
"";"2020-11-17";"17:55:37.571";"96701";"3000";"3000";"360";"8078"
"";"2020-11-17";"17:55:37.672";"96802";"3000";"3000";"360";"0"
"";"2020-11-17";"17:55:37.773";"96903";"3000";"3000";"360";"8078"
"";"2020-11-17";"17:55:37.873";"97003";"3000";"3000";"360";"0"
"";"2020-11-17";"17:55:37.974";"97104";"3000";"3000";"360";"0"
"";"2020-11-17";"17:55:38.075";"97205";"3000";"3000";"360";"0"
"";"2020-11-17";"17:55:38.176";"97306";"3000";"3000";"360";"8078"
"";"2020-11-17";"17:55:38.277";"97407";"3000";"3000";"360";"8078"
"";"2020-11-17";"17:55:38.378";"97508";"3000";"3000";"360";"0"
"";"2020-11-17";"17:55:38.479";"97609";"3000";"3000";"360";"8078"
"";"2020-11-17";"17:55:38.579";"97709";"3000";"3000";"360";"8078"
"";"2020-11-17";"17:55:38.679";"97809";"3000";"3000";"360";"0"
"";"2020-11-17";"17:55:38.780";"97910";"3000";"3000";"360";"0"
"";"2020-11-17";"17:55:38.880";"98010";"3000";"3000";"360";"0"
"";"2020-11-17";"17:55:38.981";"98111";"3000";"3000";"360";"8078"
"";"2020-11-17";"17:55:39.082";"98212";"3000";"3000";"360";"8078"
"";"2020-11-17";"17:55:39.183";"98313";"3000";"3000";"360";"8078"
"";"2020-11-17";"17:55:39.283";"98413";"3000";"3000";"360";"0"
"";"2020-11-17";"17:55:39.384";"98514";"3000";"3000";"360";"0"
"";"2020-11-17";"17:55:39.485";"98615";"3000";"3000";"360";"8078"
"";"2020-11-17";"17:55:39.585";"98715";"3000";"3000";"360";"8078"
"";"2020-11-17";"17:55:39.686";"98816";"3000";"3000";"360";"0"
"";"2020-11-17";"17:55:39.787";"98917";"3000";"3000";"360";"8078"
"";"2020-11-17";"17:55:39.887";"99017";"3000";"3000";"360";"8078"
"";"2020-11-17";"17:55:39.988";"99118";"3000";"3000";"360";"0"
"";"2020-11-17";"17:55:40.088";"99218";"3000";"3000";"360";"8078"
"";"2020-11-17";"17:55:40.190";"99320";"3000";"3000";"360";"0"
"";"2020-11-17";"17:55:40.291";"99421";"3000";"3000";"360";"8078"
"";"2020-11-17";"17:55:40.392";"99522";"3000";"3000";"360";"8078"
"";"2020-11-17";"17:55:40.493";"99623";"3000";"3000";"360";"0"
"";"2020-11-17";"17:55:40.594";"99724";"3000";"3000";"360";"8078"
"";"2020-11-17";"17:55:40.694";"99824";"3000";"3000";"360";"8078"
"";"2020-11-17";"17:55:40.796";"99926";"3000";"3000";"360";"0"
"";"2020-11-17";"17:55:40.896";"100026";"3000";"3000";"360";"8078"
"";"2020-11-17";"17:55:40.998";"100128";"3000";"3000";"360";"0"
"";"2020-11-17";"17:55:41.098";"100228";"3000";"3000";"360";"0"
"";"2020-11-17";"17:55:41.199";"100329";"3000";"3000";"360";"8078"
"";"2020-11-17";"17:55:41.300";"100430";"3000";"3000";"360";"8078"
"";"2020-11-17";"17:55:41.400";"100530";"3000";"3000";"360";"8078"
"";"2020-11-17";"17:55:41.501";"100631";"3000";"3000";"360";"0"
"";"2020-11-17";"17:55:41.602";"100732";"3000";"3000";"360";"0"
"";"2020-11-17";"17:55:41.703";"100833";"3000";"3000";"360";"8078"
"";"2020-11-17";"17:55:41.804";"100934";"3000";"3000";"360";"8078"
"";"2020-11-17";"17:55:41.905";"101035";"3000";"3000";"360";"0"
"";"2020-11-17";"17:55:42.005";"101135";"3000";"3000";"360";"8078"
"";"2020-11-17";"17:55:42.106";"101236";"3000";"3000";"360";"8078"
"";"2020-11-17";"17:55:42.206";"101336";"3000";"3000";"360";"0"
"";"2020-11-17";"17:55:42.306";"101436";"3000";"3000";"360";"8078"
"";"2020-11-17";"17:55:42.407";"101537";"3000";"3000";"360";"0"
"";"2020-11-17";"17:55:42.508";"101638";"3000";"3000";"360";"0"
"";"2020-11-17";"17:55:42.609";"101739";"3000";"3000";"360";"0"
"";"2020-11-17";"17:55:42.710";"101840";"3000";"3000";"360";"0"
"";"2020-11-17";"17:55:42.811";"101941";"3000";"3000";"360";"0"
"";"2020-11-17";"17:55:42.912";"102042";"3000";"3000";"360";"0"
"";"2020-11-17";"17:55:43.013";"102143";"3000";"3000";"360";"8078"
"";"2020-11-17";"17:55:43.114";"102244";"3000";"3000";"360";"8078"
"";"2020-11-17";"17:55:43.215";"102345";"3000";"3000";"360";"0"
"";"2020-11-17";"17:55:43.316";"102446";"3000";"3000";"360";"0"
"";"2020-11-17";"17:55:43.417";"102547";"3000";"3000";"360";"8078"
"";"2020-11-17";"17:55:43.518";"102648";"3000";"3000";"360";"16156"
